store_id,hub_id,store_name,store_segment,store_plan_price,store_latitude,store_longitude,CD_MUN,NM_MUN,SIGLA_UF,AREA_KM2
"3","2",CUMIURI,FOOD,0,,,,,,
"6","3",PIMGUCIS DA VIVA ,FOOD,0,-30.0374149,-51.20352,"4314902",Porto Alegre,RS,495.390
"8","3",RASMUR S ,FOOD,0,-30.0374149,-51.20352,"4314902",Porto Alegre,RS,495.390
"53","8",PAPA SUCIS ,FOOD,0,-22.921475,-43.234822,"3304557",Rio de Janeiro,RJ,1200.329
"54","8",VUZPI PAZZIS ,FOOD,0,-22.921475,-43.234822,"3304557",Rio de Janeiro,RJ,1200.329
"56","8",SUPSIO ,FOOD,49,-22.921475,-43.234822,"3304557",Rio de Janeiro,RJ,1200.329
"58","8",PIAMUARIS ,FOOD,49,-22.921475,-43.234822,"3304557",Rio de Janeiro,RJ,1200.329
"82","8",LUCITA ,FOOD,0,-22.921475,-43.234822,"3304557",Rio de Janeiro,RJ,1200.329
"83","8",PRARIZZAI ,FOOD,0,-22.921475,-43.234822,"3304557",Rio de Janeiro,RJ,1200.329
"84","8",PALLO MZU GRALA,FOOD,49,-22.921475,-43.234822,"3304557",Rio de Janeiro,RJ,1200.329
"85","8",PRISMAURAI ,FOOD,0,-22.921475,-43.234822,"3304557",Rio de Janeiro,RJ,1200.329
"88","8",EUGUSMI ,GOOD,0,-22.921475,-43.234822,"3304557",Rio de Janeiro,RJ,1200.329
"89","8",LIS URPIMIOUS ,FOOD,49,-22.921475,-43.234822,"3304557",Rio de Janeiro,RJ,1200.329
"90","8",CISI DA POI EU QUASI ,FOOD,49,-22.921475,-43.234822,"3304557",Rio de Janeiro,RJ,1200.329
"95","8",ARE TRAMUO ,FOOD,49,-22.921475,-43.234822,"3304557",Rio de Janeiro,RJ,1200.329
"96","5",PIRMI DA SIPIR ,FOOD,0,-23.0007498,-43.318364,"3304557",Rio de Janeiro,RJ,1200.329
"99","8",SIRVUMU AMILAI ,FOOD,0,-22.921475,-43.234822,"3304557",Rio de Janeiro,RJ,1200.329
"100","8",LUPIMUIM ,FOOD,49.9,-22.921475,-43.234822,"3304557",Rio de Janeiro,RJ,1200.329
"122","4",MASUCIE,GOOD,0,,,,,,
"141","8",RO PRISMAUS ,FOOD,0,-22.921475,-43.234822,"3304557",Rio de Janeiro,RJ,1200.329
"144","8",CIRIROI U CAI ,FOOD,49.9,-22.921475,-43.234822,"3304557",Rio de Janeiro,RJ,1200.329
"149","8",IUMPICA ,FOOD,0,-22.921475,-43.234822,"3304557",Rio de Janeiro,RJ,1200.329
"164","8",CLUPU RULASSI ,GOOD,0,-22.921475,-43.234822,"3304557",Rio de Janeiro,RJ,1200.329
"187","13",LUCITA ,FOOD,49,-22.8858199,-43.2792183,"3304557",Rio de Janeiro,RJ,1200.329
"189","13",USPUMUI CIRAICI ,FOOD,49,-22.8858199,-43.2792183,"3304557",Rio de Janeiro,RJ,1200.329
"191","13",AR PAZZI ,FOOD,49,-22.8858199,-43.2792183,"3304557",Rio de Janeiro,RJ,1200.329
"228","8",PUGUM ,GOOD,0,-22.9241443,-43.2363449,"3304557",Rio de Janeiro,RJ,1200.329
"232","16",RIARI SIARI ,FOOD,0,-23.0174723,-43.4799389,"3304557",Rio de Janeiro,RJ,1200.329
"236","13",IUMPICA ,FOOD,0,-22.8858199,-43.2792183,"3304557",Rio de Janeiro,RJ,1200.329
"245","18",SUPSIO ,FOOD,0,-22.9454948,-43.1821807,"3304557",Rio de Janeiro,RJ,1200.329
"261","18",AR TRAMUO ,FOOD,49,-22.9454948,-43.1821807,"3304557",Rio de Janeiro,RJ,1200.329
"264","8",EMUOUS,GOOD,0,-22.9241443,-43.2363449,"3304557",Rio de Janeiro,RJ,1200.329
"274","16",IUMPICA ,FOOD,0,-23.0174723,-43.4799389,"3304557",Rio de Janeiro,RJ,1200.329
"294","13",PAPA SUCIS ,FOOD,0,-22.8858199,-43.2792183,"3304557",Rio de Janeiro,RJ,1200.329
"295","8",AIEMAMIMU IU PRUSEM,GOOD,29.9,-22.921475,-43.234822,"3304557",Rio de Janeiro,RJ,1200.329
"311","13",RISA PUM ,GOOD,29,-22.8858199,-43.2792183,"3304557",Rio de Janeiro,RJ,1200.329
"321","17",IUMPICA ,FOOD,0,-23.5920041,-46.6365035,"3550308",São Paulo,SP,1521.110
"339","17",ARE TRAMUO ,FOOD,49.9,-23.5920041,-46.6365035,"3550308",São Paulo,SP,1521.110
"342","13",PIARIS,GOOD,0,,,,,,
"345","13",ZIM ME MUMEUR ,FOOD,49,-22.8860986,-43.2795475,"3304557",Rio de Janeiro,RJ,1200.329
"356","21",SPILUMI ,FOOD,49.9,-23.550407,-46.6973162,"3550308",São Paulo,SP,1521.110
"357","22",PILIOU RAS ,FOOD,0,-23.0007532,-43.3837713,"3304557",Rio de Janeiro,RJ,1200.329
"361","22",IPUPIEMAI ,FOOD,0,-23.0007532,-43.3837713,"3304557",Rio de Janeiro,RJ,1200.329
"365","20",CIRILAMI SILUS ,FOOD,49.9,-22.996848,-43.361197,"3304557",Rio de Janeiro,RJ,1200.329
"366","20",AR TRAMUO ,FOOD,49,-22.996848,-43.361197,"3304557",Rio de Janeiro,RJ,1200.329
"367","20",MIUMSAU ,FOOD,49,-22.996848,-43.361197,"3304557",Rio de Janeiro,RJ,1200.329
"370","20",PAZZI ZUM ,FOOD,49,-22.996848,-43.361197,"3304557",Rio de Janeiro,RJ,1200.329
"371","20",LUCITA ,FOOD,0,-22.996848,-43.361197,"3304557",Rio de Janeiro,RJ,1200.329
"373","20",CRUPULICOS ,FOOD,49,-22.996848,-43.361197,"3304557",Rio de Janeiro,RJ,1200.329
"377","20",RIRURPIS,GOOD,0,-23.0007532,-43.3837713,"3304557",Rio de Janeiro,RJ,1200.329
"378","21",OURAMIES ,FOOD,49.9,-23.550407,-46.6973162,"3550308",São Paulo,SP,1521.110
"383","21",ACA PRISSURAU ,FOOD,49.9,-23.550407,-46.6973162,"3550308",São Paulo,SP,1521.110
"387","22",REMFRUMIS ,FOOD,49,-23.0007532,-43.3837713,"3304557",Rio de Janeiro,RJ,1200.329
"390","17",PAZZI ZUM ,FOOD,49.9,-23.5920041,-46.6365035,"3550308",São Paulo,SP,1521.110
"391","20",FAIARUMUI ,FOOD,0,-22.996848,-43.361197,"3304557",Rio de Janeiro,RJ,1200.329
"399","13",PIARO ,FOOD,0,-22.8843321,-43.283366,"3304557",Rio de Janeiro,RJ,1200.329
"406","20",GARIOLIS ,FOOD,49,-23.0007532,-43.3837713,"3304557",Rio de Janeiro,RJ,1200.329
"409","16",RC OUMILEES ,FOOD,0,-23.0172627,-43.4791238,"3304557",Rio de Janeiro,RJ,1200.329
"414","13",SPILUMI ,FOOD,0,-22.886644,-43.2801892,"3304557",Rio de Janeiro,RJ,1200.329
"415","8",IPUPIEMAI ,FOOD,,-22.921475,-43.234822,"3304557",Rio de Janeiro,RJ,1200.329
"416","21",IUMPICA ,FOOD,0,-23.550407,-46.721291,"3550308",São Paulo,SP,1521.110
"417","20",IUMPICA ,FOOD,0,-22.996848,-43.361197,"3304557",Rio de Janeiro,RJ,1200.329
"426","20",ZIM M MUMEUR ,FOOD,,-22.996848,-43.361197,"3304557",Rio de Janeiro,RJ,1200.329
"430","21",PIR DA ILUROI ,FOOD,0,-23.550407,-46.721291,"3550308",São Paulo,SP,1521.110
"435","16",SUSM GRALA,FOOD,49.9,-23.0172627,-43.4791238,"3304557",Rio de Janeiro,RJ,1200.329
"439","16",CILAFIRMAI CIOLA ,FOOD,49.9,-23.0172627,-43.4791238,"3304557",Rio de Janeiro,RJ,1200.329
"446","20",SIRLE FRA ,GOOD,29,-22.996848,-43.361197,"3304557",Rio de Janeiro,RJ,1200.329
"447","21",PA PISACI ,GOOD,29,-23.550407,-46.721291,"3550308",São Paulo,SP,1521.110
"453","20",IRULAU CRUPURAU ,FOOD,49,-22.996848,-43.361197,"3304557",Rio de Janeiro,RJ,1200.329
"462","18",CIFUAMI ,FOOD,49,-22.9464282,-43.1823091,"3304557",Rio de Janeiro,RJ,1200.329
"476","20",PIARI FLIRUS ,GOOD,29,-22.996848,-43.361197,"3304557",Rio de Janeiro,RJ,1200.329
"482","25",GIPUMZIGUM OPASI RIUSARI CIREARA ,GOOD,49.9,-23.5677027,-46.642043,"3550308",São Paulo,SP,1521.110
"490","22",MATATA ,FOOD,49.9,-23.0007532,-43.3837713,"3304557",Rio de Janeiro,RJ,1200.329
"491","16",I CISI DA PAMPE ,GOOD,29.9,-23.0172627,-43.4791238,"3304557",Rio de Janeiro,RJ,1200.329
"493","25",PAZZI ZUM ,FOOD,49.9,-23.5677027,-46.642043,"3550308",São Paulo,SP,1521.110
"495","25",IUMPICA ,FOOD,0,-23.5623285,-46.642043,"3550308",São Paulo,SP,1521.110
"496","26",IUMPICA ,FOOD,,-23.5630195,-46.652621,"3550308",São Paulo,SP,1521.110
"497","13",CISI DA URPIOU ,FOOD,0,-22.8843321,-43.283366,"3304557",Rio de Janeiro,RJ,1200.329
"501","25",RISIRA ,FOOD,49.9,-23.5677027,-46.642043,"3550308",São Paulo,SP,1521.110
"508","20",GROI USPRUSSI ,FOOD,49,-22.996848,-43.361197,"3304557",Rio de Janeiro,RJ,1200.329
"515","18",GULIMURAI RE ,FOOD,49,-22.9464282,-43.1823091,"3304557",Rio de Janeiro,RJ,1200.329
"520","26",IRIR OIS PUOUMIS ,FOOD,49.9,-23.5630195,-46.652621,"3550308",São Paulo,SP,1521.110
"524","3",ILA RIERUGI ,GOOD,49.9,-30.0374149,-51.20352,"4314902",Porto Alegre,RS,495.390
"525","25",PUCIRAMI  ,FOOD,49.9,-23.5677027,-46.642043,"3550308",São Paulo,SP,1521.110
"529","20",GULIMURAI RE ,FOOD,49,-22.996848,-43.361197,"3304557",Rio de Janeiro,RJ,1200.329
"531","16",CISUMPES ,FOOD,49.9,-23.0172627,-43.4791238,"3304557",Rio de Janeiro,RJ,1200.329
"532","13",SIRLE FRA ,GOOD,29.9,-22.886644,-43.2801892,"3304557",Rio de Janeiro,RJ,1200.329
"540","22",UMIG ,GOOD,49,-23.0007532,-43.3837713,"3304557",Rio de Janeiro,RJ,1200.329
"545","3",IAMUR ,FOOD,49.9,-30.0374149,-51.20352,"4314902",Porto Alegre,RS,495.390
"555","20",RIGU I CIGU ,FOOD,49,-22.996848,-43.361197,"3304557",Rio de Janeiro,RJ,1200.329
"563","3",MZU PLICA PAF ,FOOD,49.9,-30.038145,-51.20352,"4314902",Porto Alegre,RS,495.390
"564","20",PUMGUA ,FOOD,49.9,-22.996848,-43.361197,"3304557",Rio de Janeiro,RJ,1200.329
"582","16",SPILUMI ,FOOD,49.9,-23.020709,-43.4897,"3304557",Rio de Janeiro,RJ,1200.329
"585","21",MUMRIFAM ,GOOD,29.9,-23.550407,-46.721291,"3550308",São Paulo,SP,1521.110
"586","26",GULIMI PIRULA ,FOOD,49.9,-23.563758,-46.652621,"3550308",São Paulo,SP,1521.110
"587","8",PIARO ,FOOD,,-22.921475,-43.234822,"3304557",Rio de Janeiro,RJ,1200.329
"590","20",VUG UP ,FOOD,49,-22.996848,-43.361197,"3304557",Rio de Janeiro,RJ,1200.329
"591","27",MZU SUACU LIP ,FOOD,49.9,-23.622995,-46.699204,"3550308",São Paulo,SP,1521.110
"595","27",ZIVIMUI ,GOOD,49.9,-23.622995,-46.699204,"3550308",São Paulo,SP,1521.110
"599","21",LIFM ,GOOD,,-23.550407,-46.721291,"3550308",São Paulo,SP,1521.110
"600","21",GRIME CRU ,GOOD,29.9,-23.550407,-46.721291,"3550308",São Paulo,SP,1521.110
"603","27",GRIME CRU ,GOOD,29.9,-23.622995,-46.699204,"3550308",São Paulo,SP,1521.110
"604","16",SIRVUMU AMILAI ,FOOD,49.9,-23.020709,-43.4897,"3304557",Rio de Janeiro,RJ,1200.329
"605","16",MIMAMI SAMU VAMUIGU ,GOOD,49.9,-23.020709,-43.4897,"3304557",Rio de Janeiro,RJ,1200.329
"606","8",MAP MIP ,GOOD,,-22.921475,-43.234822,"3304557",Rio de Janeiro,RJ,1200.329
"607","27",ECILUMI MI LISI FASACIO PASCIAMO ,FOOD,49.9,,,,,,
"616","18",CILAFIRMAI CIOLA ,FOOD,49,-22.94733,-43.183534,"3304557",Rio de Janeiro,RJ,1200.329
"622","28",PASCIAMO ,FOOD,49.9,-23.595775,-46.685984,"3550308",São Paulo,SP,1521.110
"623","28",SUPSIO ,FOOD,49.9,-23.595775,-46.685984,"3550308",São Paulo,SP,1521.110
"624","28",SPILUMI ,FOOD,49.9,-23.595775,-46.685984,"3550308",São Paulo,SP,1521.110
"626","28",MUMRIFAM ,GOOD,29.9,-23.595775,-46.685984,"3550308",São Paulo,SP,1521.110
"627","27",FAM RIRGUM ,GOOD,29.9,-23.622995,-46.699204,"3550308",São Paulo,SP,1521.110
"629","8",RIARI SIARI ,FOOD,,-22.921475,-43.234822,"3304557",Rio de Janeiro,RJ,1200.329
"631","28",IUMPICA ,FOOD,,-23.595775,-46.685984,"3550308",São Paulo,SP,1521.110
"632","28",IPUPIEMAI ,FOOD,,-23.595775,-46.685984,"3550308",São Paulo,SP,1521.110
"633","21",ZIVIMUI ,GOOD,49.9,-23.550407,-46.721291,"3550308",São Paulo,SP,1521.110
"640","28",GRIME CRU ,GOOD,49,-23.595775,-46.685984,"3550308",São Paulo,SP,1521.110
"641","26",MUMRIFAM ,GOOD,29.9,-23.563758,-46.652621,"3550308",São Paulo,SP,1521.110
"644","13",USARULI DA SUA,FOOD,,-22.887521,-43.283366,"3304557",Rio de Janeiro,RJ,1200.329
"646","21",PASCIAMU ,FOOD,49.9,-23.550407,-46.721291,"3550308",São Paulo,SP,1521.110
"648","27",PIPRU SUIM ,FOOD,49.9,-23.622995,-46.699204,"3550308",São Paulo,SP,1521.110
"651","27",SIZMUO RICAUMS ,FOOD,49.9,-23.622995,-46.699204,"3550308",São Paulo,SP,1521.110
"652","25",MUMRIFAM ,GOOD,29.9,-23.570765,-46.642043,"3550308",São Paulo,SP,1521.110
"656","3",IPALUPAES ,FOOD,0.01,-30.038145,-51.20352,"4314902",Porto Alegre,RS,495.390
"657","21",RIGAC FAM ,GOOD,29.9,-23.550407,-46.721291,"3550308",São Paulo,SP,1521.110
"658","29",IUMPICA ,FOOD,,-23.561053,-46.558976,"3550308",São Paulo,SP,1521.110
"659","29",IPUPIEMAI ,FOOD,,-23.561053,-46.558976,"3550308",São Paulo,SP,1521.110
"660","16",FIRIFI CIRAICI ,FOOD,49,-22.989451,-43.433223,"3304557",Rio de Janeiro,RJ,1200.329
"661","20",RA VACAI EUSEU I AMACAI ,FOOD,49,-22.996848,-43.361197,"3304557",Rio de Janeiro,RJ,1200.329
"666","25",RIZI ,FOOD,49.9,-23.570765,-46.642043,"3550308",São Paulo,SP,1521.110
"669","29",PUPALUGALA,FOOD,49.9,-23.561053,-46.558976,"3550308",São Paulo,SP,1521.110
"673","18",MIZPIZ ,FOOD,49,-22.950331,-43.184893,"3304557",Rio de Janeiro,RJ,1200.329
"674","29",AR TRAMUO ,FOOD,49.9,-23.561053,-46.558976,"3550308",São Paulo,SP,1521.110
"676","31",IUMPICA ,FOOD,,-23.631835,-46.735203,"3550308",São Paulo,SP,1521.110
"678","18",MZU PIUI ,FOOD,49,-22.949561,-43.185022,"3304557",Rio de Janeiro,RJ,1200.329
"679","18",ZIRIE ,FOOD,49,-22.94733,-43.183534,"3304557",Rio de Janeiro,RJ,1200.329
"681","5",CISI DA POI EU QUASI ,FOOD,49.9,-23.003717,-43.317444,"3304557",Rio de Janeiro,RJ,1200.329
"682","25",MISMO GRALA,FOOD,49.9,-23.570765,-46.642043,"3550308",São Paulo,SP,1521.110
"684","17",RIZIGIMO ,GOOD,29.9,-23.599551,-46.636755,"3550308",São Paulo,SP,1521.110
"685","20",CICIU SZIS ,GOOD,29.9,-22.996848,-43.361197,"3304557",Rio de Janeiro,RJ,1200.329
"686","29",RIMUIMI GRALA,FOOD,49.9,-23.561053,-46.558976,"3550308",São Paulo,SP,1521.110
"687","17",LUPI ,GOOD,29.9,-23.599551,-46.636755,"3550308",São Paulo,SP,1521.110
"689","17",RIRIMI ,GOOD,29.9,-23.599551,-46.636755,"3550308",São Paulo,SP,1521.110
"690","29",EAVAMI FIGOI ,FOOD,49.9,-23.561053,-46.558976,"3550308",São Paulo,SP,1521.110
"692","29",PIULIMGURAU CIRAICI ,FOOD,49.9,-23.561053,-46.558976,"3550308",São Paulo,SP,1521.110
"693","29",EURECA ,GOOD,29,-23.561053,-46.558976,"3550308",São Paulo,SP,1521.110
"695","5",PILAS SUCIS ,FOOD,49,-23.004907,-43.318364,"3304557",Rio de Janeiro,RJ,1200.329
"697","21",ZIPU ,GOOD,29.9,-23.550407,-46.721291,"3550308",São Paulo,SP,1521.110
"700","21",CZALLA PUIMS ,GOOD,29.9,-23.550407,-46.721291,"3550308",São Paulo,SP,1521.110
"701","21",SMIRPIAMU ,GOOD,29.9,-23.550407,-46.721291,"3550308",São Paulo,SP,1521.110
"702","21",EUCI SGAM ,GOOD,,-23.550407,-46.721291,"3550308",São Paulo,SP,1521.110
"706","17",AR CIM ,GOOD,29.9,-23.599551,-46.636755,"3550308",São Paulo,SP,1521.110
"707","33",IUMPICA ,FOOD,,-23.579067,-46.594006,"3550308",São Paulo,SP,1521.110
"716","33",EA CUMUI ,FOOD,49.9,-23.579067,-46.594006,"3550308",São Paulo,SP,1521.110
"728","33",GUMOUA ,FOOD,49.9,-23.579067,-46.594006,"3550308",São Paulo,SP,1521.110
"735","33",IRIR OIS PUOUMIS ,FOOD,49.9,-23.579067,-46.594006,"3550308",São Paulo,SP,1521.110
"739","16",GIPUMZIGUM ,GOOD,29,-23.020709,-43.4897,"3304557",Rio de Janeiro,RJ,1200.329
"745","3",IGUAI VUMURAMIRAI ,GOOD,,-30.037362,-51.204753,"4314902",Porto Alegre,RS,495.390
"747","21",IRUZZI ,GOOD,29.9,-23.550407,-46.721291,"3550308",São Paulo,SP,1521.110
"748","27",LI PISMI GAIMOI ,FOOD,49.9,-23.622995,-46.699204,"3550308",São Paulo,SP,1521.110
"753","3",PF PIR FIVIR ,FOOD,0,-30.038145,-51.20352,"4314902",Porto Alegre,RS,495.390
"754","13",GIPUMZIGUM ,GOOD,,-22.887521,-43.283366,"3304557",Rio de Janeiro,RJ,1200.329
"762","26",CZALLA PUIMS ,GOOD,29.9,-23.563758,-46.652621,"3550308",São Paulo,SP,1521.110
"763","26",CISI PIUEUEMI ,GOOD,49.9,-23.563758,-46.652621,"3550308",São Paulo,SP,1521.110
"767","29",PASSIMA ,FOOD,49.9,-23.561053,-46.558976,"3550308",São Paulo,SP,1521.110
"771","27",MISQUAMZI DA USQUAMI ,FOOD,49.9,-23.622995,-46.699204,"3550308",São Paulo,SP,1521.110
"773","18",OU SALVI ,FOOD,49,-22.94733,-43.183534,"3304557",Rio de Janeiro,RJ,1200.329
"780","29",GARIOLIS ,FOOD,,-23.561053,-46.558976,"3550308",São Paulo,SP,1521.110
"783","22",VUZPI ,FOOD,49,-23.000149,-43.381736,"3304557",Rio de Janeiro,RJ,1200.329
"785","33",ARE TRAMUO ,FOOD,49.9,-23.579067,-46.594006,"3550308",São Paulo,SP,1521.110
"786","33",LU PUMAM RICIRIMS ,GOOD,49.9,-23.579067,-46.594006,"3550308",São Paulo,SP,1521.110
"787","33",PUGOIE ,FOOD,49.9,-23.579067,-46.594006,"3550308",São Paulo,SP,1521.110
"790","33",MZU SMUIG FICMIRO ,FOOD,49.9,-23.579889,-46.594297,"3550308",São Paulo,SP,1521.110
"791","8",PULGAIM SIOLLU ,FOOD,0,-22.921475,-43.234822,"3304557",Rio de Janeiro,RJ,1200.329
"792","13",CIOLAMISM ,FOOD,0,-22.887521,-43.283366,"3304557",Rio de Janeiro,RJ,1200.329
"801","20",CIMUAMI PUIMISURI ,FOOD,49,-22.996848,-43.361197,"3304557",Rio de Janeiro,RJ,1200.329
"802","20",PIAMUARIS CIFO ,FOOD,49,-22.996848,-43.361197,"3304557",Rio de Janeiro,RJ,1200.329
"804","18",MOIRI MPECILIMU PIR ,FOOD,49,-22.94733,-43.183534,"3304557",Rio de Janeiro,RJ,1200.329
"806","27",IMLAIZA,GOOD,,,,,,,
"807","29",ZIMRPI,GOOD,,,,,,,
"808","28",ROICIPIP,GOOD,,,,,,,
"809","25",GARPI ,GOOD,29.9,-23.570765,-46.642043,"3550308",São Paulo,SP,1521.110
"810","22",PIULIMGURAU ,FOOD,49,-23.001696,-43.386494,"3304557",Rio de Janeiro,RJ,1200.329
"811","8",CISI DA PRUSI ,GOOD,0.01,-22.921475,-43.234822,"3304557",Rio de Janeiro,RJ,1200.329
"824","26",RUMOU VUREU ,GOOD,29.9,-23.563758,-46.652621,"3550308",São Paulo,SP,1521.110
"828","20",MUI SZIP ,GOOD,,-22.996848,-43.361197,"3304557",Rio de Janeiro,RJ,1200.329
"832","27",RUSURVI FLIRIA,GOOD,29.9,-23.622995,-46.699204,"3550308",São Paulo,SP,1521.110
"837","33",SMIR PIAMU ,GOOD,29,-23.579067,-46.594006,"3550308",São Paulo,SP,1521.110
"840","26",SIZMUO RICAUMS ,FOOD,49.9,-23.563758,-46.652621,"3550308",São Paulo,SP,1521.110
"845","13",RUA DA RIMU ,FOOD,,-22.887521,-43.283366,"3304557",Rio de Janeiro,RJ,1200.329
"847","13",GIGIRUS ,GOOD,29,-22.887521,-43.283366,"3304557",Rio de Janeiro,RJ,1200.329
"850","22",CIRIRIOU CIRIROI ,FOOD,49,-23.001696,-43.386494,"3304557",Rio de Janeiro,RJ,1200.329
"859","20",CIRIRIOU CIRIROI ,FOOD,49.9,-22.996848,-43.361197,"3304557",Rio de Janeiro,RJ,1200.329
"864","3",RIC IME CZASU ,FOOD,0.01,-30.038145,-51.20352,"4314902",Porto Alegre,RS,495.390
"869","18",PILIOU RAS ,FOOD,49,-22.94733,-43.183534,"3304557",Rio de Janeiro,RJ,1200.329
"870","18",CUSMUI ,FOOD,49,-22.949297,-43.188152,"3304557",Rio de Janeiro,RJ,1200.329
"875","31",RIRURIMUA ,FOOD,49.9,-23.631835,-46.735203,"3550308",São Paulo,SP,1521.110
"876","26",IVIMAR ,GOOD,29.9,-23.569798,-46.659254,"3550308",São Paulo,SP,1521.110
"877","33",IVIMAR ,GOOD,29,-23.579067,-46.594006,"3550308",São Paulo,SP,1521.110
"879","28",RISIRA ,FOOD,49.9,-23.595775,-46.685984,"3550308",São Paulo,SP,1521.110
"882","35",RUGIRIMA ,FOOD,49,-22.97315,-43.370811,"3304557",Rio de Janeiro,RJ,1200.329
"883","35",GIMA ,FOOD,49,-22.97315,-43.370811,"3304557",Rio de Janeiro,RJ,1200.329
"886","35",RC OUMILEES ,FOOD,,-22.97315,-43.370811,"3304557",Rio de Janeiro,RJ,1200.329
"894","35",MRIMUIRAI ,FOOD,49,-22.97315,-43.370811,"3304557",Rio de Janeiro,RJ,1200.329
"902","8",MRIRI LIP ,GOOD,29,-22.921475,-43.234822,"3304557",Rio de Janeiro,RJ,1200.329
"903","35",PILITAMZI ,FOOD,49,-22.97315,-43.370811,"3304557",Rio de Janeiro,RJ,1200.329
"904","25",CAIRIR PIPO ,GOOD,29,-23.570765,-46.642043,"3550308",São Paulo,SP,1521.110
"911","28",RCOUMILES ,FOOD,0,-23.595775,-46.685984,"3550308",São Paulo,SP,1521.110
"912","3",MURPURI OUS GURAIS ,FOOD,49,-30.035516,-51.204007,"4314902",Porto Alegre,RS,495.390
"913","27",PAMACIS ,GOOD,29.9,-23.622995,-46.699204,"3550308",São Paulo,SP,1521.110
"915","25",GRIME CRU ,GOOD,29.9,-23.570765,-46.642043,"3550308",São Paulo,SP,1521.110
"918","27",USIFLUS ,GOOD,,-23.622995,-46.699204,"3550308",São Paulo,SP,1521.110
"921","29",GRIME CRU ,GOOD,29.9,-23.561053,-46.558976,"3550308",São Paulo,SP,1521.110
"923","3",GRIME CRU ,GOOD,29.9,-30.027068,-51.19292,"4314902",Porto Alegre,RS,495.390
"924","29",LIFM ,GOOD,29,-23.561053,-46.558976,"3550308",São Paulo,SP,1521.110
"931","31",GUMOUA E ISIM ,FOOD,49.9,-23.631835,-46.735203,"3550308",São Paulo,SP,1521.110
"933","31",SUPSIO ,FOOD,49.9,-23.631835,-46.735203,"3550308",São Paulo,SP,1521.110
"938","27",OIGIPUARO ,FOOD,49.9,-23.622995,-46.699204,"3550308",São Paulo,SP,1521.110
"941","27",GUMOUA ,FOOD,49.9,-23.622995,-46.699204,"3550308",São Paulo,SP,1521.110
"944","35",ZIMI ZUM ,FOOD,49,-22.97315,-43.370811,"3304557",Rio de Janeiro,RJ,1200.329
"945","29",LUPI ,GOOD,29.9,-23.561053,-46.558976,"3550308",São Paulo,SP,1521.110
"946","29",USIFLUS ,GOOD,29.9,-23.561053,-46.558976,"3550308",São Paulo,SP,1521.110
"947","5",USMIMOI RS ,FOOD,49,-23.004907,-43.318364,"3304557",Rio de Janeiro,RJ,1200.329
"948","27",RAMZI CISMURUARI RA SIPIMUARI ,GOOD,29.9,-23.622995,-46.699204,"3550308",São Paulo,SP,1521.110
"950","33",ISIM ,FOOD,49.9,-23.579067,-46.594006,"3550308",São Paulo,SP,1521.110
"951","33",GRIMEVASAIM ,GOOD,29.9,-23.579067,-46.594006,"3550308",São Paulo,SP,1521.110
"952","26",GRIMEVASAIM ,GOOD,29.9,-23.563758,-46.652621,"3550308",São Paulo,SP,1521.110
"953","26",GRIME CRU ,GOOD,29.9,-23.561121,-46.666602,"3550308",São Paulo,SP,1521.110
"955","51",CIRIROI U CAI ,FOOD,,-22.926904,-43.572533,"3304557",Rio de Janeiro,RJ,1200.329
"960","33",GRIME CRU ,GOOD,29,-23.579067,-46.594006,"3550308",São Paulo,SP,1521.110
"961","21",PIGUE PIPACO ,FOOD,49.9,-23.550407,-46.721291,"3550308",São Paulo,SP,1521.110
"964","26",GRIME CRU ZAGAUMAPILAS ,GOOD,29.9,-23.54166,-46.657483,"3550308",São Paulo,SP,1521.110
"965","17",GRIME CRU ,GOOD,29.9,-23.603557,-46.657894,"3550308",São Paulo,SP,1521.110
"966","35",CIRIROI U CAI ,FOOD,49,-22.97315,-43.370811,"3304557",Rio de Janeiro,RJ,1200.329
"967","28",GRIME CRU VALI MIVI CIMCUAMOI ,GOOD,29.9,-23.595215,-46.666397,"3550308",São Paulo,SP,1521.110
"968","28",GRIME CRU AMIARO CIRUSI  ,GOOD,29.9,-23.586689,-46.67986,"3550308",São Paulo,SP,1521.110
"975","36",IEPISMI ,FOOD,49,-30.085743,-51.245997,"4314902",Porto Alegre,RS,495.390
"976","36",PAZZI ROIE MIPILAPACO ,FOOD,49,-30.085743,-51.245997,"4314902",Porto Alegre,RS,495.390
"977","36",PRIMZURS RUSMIURIMA U PAZZIRAI ,FOOD,49,-30.085743,-51.245997,"4314902",Porto Alegre,RS,495.390
"978","55",ZUPULAR MUC ,GOOD,29.9,-23.515421,-46.665322,"3550308",São Paulo,SP,1521.110
"983","35",LUPIMUIM ,FOOD,49,-22.97315,-43.370811,"3304557",Rio de Janeiro,RJ,1200.329
"984","33",GIPUMZIGUM ,GOOD,,-23.579067,-46.594006,"3550308",São Paulo,SP,1521.110
"989","36",GRIME CRU ,GOOD,29,-30.085743,-51.245997,"4314902",Porto Alegre,RS,495.390
"995","31",ROGLISS ICUSSARAIS ,GOOD,29,-23.631835,-46.735203,"3550308",São Paulo,SP,1521.110
"997","33",PIEURISI MAROI ,GOOD,29,-23.579067,-46.594006,"3550308",São Paulo,SP,1521.110
"998","20",TRAZ LOURA RIRMAM ,FOOD,49,-22.996848,-43.361197,"3304557",Rio de Janeiro,RJ,1200.329
"999","35",LUCITA ,FOOD,49,-22.97315,-43.370811,"3304557",Rio de Janeiro,RJ,1200.329
"1000","20",PAI RUMOU ,GOOD,49,-22.996848,-43.361197,"3304557",Rio de Janeiro,RJ,1200.329
"1001","26",PEUIM GAMTRAM ,FOOD,49.9,-23.563758,-46.652621,"3550308",São Paulo,SP,1521.110
"1002","20",OIGIPUARO ,FOOD,49.9,-22.996848,-43.361197,"3304557",Rio de Janeiro,RJ,1200.329
"1003","29",ZIVIMUI ,GOOD,29,-23.561053,-46.558976,"3550308",São Paulo,SP,1521.110
"1006","25",PUGUM ,GOOD,29.9,-23.570765,-46.642043,"3550308",São Paulo,SP,1521.110
"1008","29",PUGUM ,GOOD,29.9,-23.561053,-46.558976,"3550308",São Paulo,SP,1521.110
"1009","20",CIPIMI PURGUR ,FOOD,49.9,-22.996848,-43.361197,"3304557",Rio de Janeiro,RJ,1200.329
"1010","16",CICIU SZIS ,GOOD,49,-23.020709,-43.4897,"3304557",Rio de Janeiro,RJ,1200.329
"1014","31",OUMGA ,GOOD,29,-23.631835,-46.735203,"3550308",São Paulo,SP,1521.110
"1015","31",MUMRIFAM ,GOOD,29.9,-23.658852,-46.737876,"3550308",São Paulo,SP,1521.110
"1016","36",PIPS ,FOOD,49,-30.085743,-51.245997,"4314902",Porto Alegre,RS,495.390
"1018","36",ICI EU SIVEMI ,FOOD,49,-30.085743,-51.245997,"4314902",Porto Alegre,RS,495.390
"1019","20",CISI PIUEUEMI ,GOOD,49,-22.996848,-43.361197,"3304557",Rio de Janeiro,RJ,1200.329
"1022","29",RIRIMI ,GOOD,29,-23.561053,-46.558976,"3550308",São Paulo,SP,1521.110
"1025","21",IMUI PUGIVI ,GOOD,29,-23.528072,-46.731195,"3550308",São Paulo,SP,1521.110
"1026","22",AIEMAMIMU IU PRUSEM,GOOD,29.9,-23.001696,-43.386494,"3304557",Rio de Janeiro,RJ,1200.329
"1027","33",LIFM ,GOOD,,-23.579067,-46.594006,"3550308",São Paulo,SP,1521.110
"1029","55",UVURUSM ,GOOD,29.9,-23.515578,-46.665665,"3550308",São Paulo,SP,1521.110
"1034","18",GRIME CRU ,GOOD,29.9,-22.964613,-43.220246,"3304557",Rio de Janeiro,RJ,1200.329
"1037","35",IUMPICA ,FOOD,,-22.97315,-43.370811,"3304557",Rio de Janeiro,RJ,1200.329
"1041","26",GIPUMZIGUM ,GOOD,49.9,-23.563758,-46.652621,"3550308",São Paulo,SP,1521.110
"1042","36",FRUEOU ,FOOD,49,-30.085743,-51.245997,"4314902",Porto Alegre,RS,495.390
"1044","36",ZIVIMUI ,GOOD,29,-30.085743,-51.245997,"4314902",Porto Alegre,RS,495.390
"1056","16",RIOZ ,FOOD,49,,,,,,
"1057","36",IUMPICA ,FOOD,,-30.085743,-51.245997,"4314902",Porto Alegre,RS,495.390
"1061","33",SMIMCU ,GOOD,29,-23.579067,-46.594006,"3550308",São Paulo,SP,1521.110
"1064","8",GRIME CRU ,GOOD,49,-22.921475,-43.234822,"3304557",Rio de Janeiro,RJ,1200.329
"1071","25",VIRIMOU ,GOOD,29.9,-23.570765,-46.642043,"3550308",São Paulo,SP,1521.110
"1076","20",SUMIR SIMMPE ,FOOD,49,-22.996848,-43.361197,"3304557",Rio de Janeiro,RJ,1200.329
"1080","18",AIEMAMIMU IU PRUSEM,GOOD,29.9,-22.94733,-43.183534,"3304557",Rio de Janeiro,RJ,1200.329
"1082","35",LIEMAMIMU IU PRUSEM,GOOD,29.9,-22.97315,-43.370811,"3304557",Rio de Janeiro,RJ,1200.329
"1083","27",CISI PIUEUEMI ,GOOD,29.9,-23.622995,-46.699204,"3550308",São Paulo,SP,1521.110
"1084","28",CISI PIUEUEMI ,GOOD,29.9,-23.595775,-46.685984,"3550308",São Paulo,SP,1521.110
"1091","20",SALITO ,GOOD,29.9,-22.996848,-43.361197,"3304557",Rio de Janeiro,RJ,1200.329
"1092","18",SALITO ,GOOD,29,-22.94733,-43.183534,"3304557",Rio de Janeiro,RJ,1200.329
"1093","36",SALITO ,GOOD,29,-30.085743,-51.245997,"4314902",Porto Alegre,RS,495.390
"1095","22",SALITO ,GOOD,29,-23.001696,-43.386494,"3304557",Rio de Janeiro,RJ,1200.329
"1096","8",SALITO ,GOOD,29,-22.921475,-43.234822,"3304557",Rio de Janeiro,RJ,1200.329
"1097","28",SALITO ,GOOD,29.9,-23.595775,-46.685984,"3550308",São Paulo,SP,1521.110
"1098","33",SALITO ,GOOD,29,-23.579067,-46.594006,"3550308",São Paulo,SP,1521.110
"1099","29",SALITO ,GOOD,29,-23.561053,-46.558976,"3550308",São Paulo,SP,1521.110
"1101","26",SALITO ,GOOD,29.9,-23.563758,-46.652621,"3550308",São Paulo,SP,1521.110
"1103","27",SALITO ,GOOD,29,-23.622995,-46.699204,"3550308",São Paulo,SP,1521.110
"1104","13",SALITO ,GOOD,,-22.887521,-43.283366,"3304557",Rio de Janeiro,RJ,1200.329
"1105","25",SALITO ,GOOD,29,-23.570765,-46.642043,"3550308",São Paulo,SP,1521.110
"1106","21",SALITO ,GOOD,29,-23.550407,-46.721291,"3550308",São Paulo,SP,1521.110
"1107","21",SR SIGIRIMI ,FOOD,49,-23.550407,-46.721291,"3550308",São Paulo,SP,1521.110
"1114","35",RIMAI EU TRAPRISCI ,FOOD,49.9,-22.97315,-43.370811,"3304557",Rio de Janeiro,RJ,1200.329
"1117","21",PIPULIRAI RIGMALAI ,GOOD,29,-23.550407,-46.721291,"3550308",São Paulo,SP,1521.110
"1118","35",PRISEMCICIU ,GOOD,29,-22.97315,-43.370811,"3304557",Rio de Janeiro,RJ,1200.329
"1119","28",ISIM O RIRARIRA ,FOOD,,-23.595775,-46.685984,"3550308",São Paulo,SP,1521.110
"1120","27",GIPUMZIGUM ,GOOD,29,-23.622995,-46.699204,"3550308",São Paulo,SP,1521.110
"1121","20",PRISEMCICIU ,GOOD,29,-22.996848,-43.361197,"3304557",Rio de Janeiro,RJ,1200.329
"1122","27",MPECILIMUS PRISEMCICIU ,GOOD,29,-23.622995,-46.699204,"3550308",São Paulo,SP,1521.110
"1123","8",SIRSUMG ,GOOD,,-22.921475,-43.234822,"3304557",Rio de Janeiro,RJ,1200.329
"1125","36",PIZ RUSMIURIMA ,FOOD,49,-30.085743,-51.245997,"4314902",Porto Alegre,RS,495.390
"1127","16",CIRIROI U CAI ,FOOD,49,-23.020709,-43.4897,"3304557",Rio de Janeiro,RJ,1200.329
"1128","17",ZIVIMUI ,GOOD,29.9,-23.599551,-46.636755,"3550308",São Paulo,SP,1521.110
"1141","21",CISI RUVAVI ,GOOD,29,-23.550407,-46.721291,"3550308",São Paulo,SP,1521.110
"1143","3",GRORAI RIMAI ,GOOD,49,-29.972736,-51.195821,"4314902",Porto Alegre,RS,495.390
"1146","33",MZU PIEO SZIP ,GOOD,29.9,-23.579067,-46.594006,"3550308",São Paulo,SP,1521.110
"1150","26",PASCIAMU ,FOOD,49.9,-23.563758,-46.652621,"3550308",São Paulo,SP,1521.110
"1152","8",CISI DA PILIP ,FOOD,29,-22.922908,-43.2349,"3304557",Rio de Janeiro,RJ,1200.329
"1153","13",RIMAI EU TRAPRISCI ,FOOD,49,-22.887521,-43.283366,"3304557",Rio de Janeiro,RJ,1200.329
"1154","27",ILRU ,GOOD,29.9,-23.622995,-46.699204,"3550308",São Paulo,SP,1521.110
"1157","27",CISI OUS CACIS ,GOOD,29,-23.622995,-46.699204,"3550308",São Paulo,SP,1521.110
"1160","3",MPECILIMRIS CAOUEU PIASI ,GOOD,49,-30.03821,-51.2217,"4314902",Porto Alegre,RS,495.390
"1161","31",CZALLA PUIMS ,GOOD,,-23.631835,-46.735203,"3550308",São Paulo,SP,1521.110
"1162","13",SIU SIU EUSAGM ,GOOD,29,-22.887521,-43.283366,"3304557",Rio de Janeiro,RJ,1200.329
"1163","33",PA PISACI ,GOOD,29,-23.579067,-46.594006,"3550308",São Paulo,SP,1521.110
"1164","26",GAIVIMUI PIPO ,GOOD,29,-23.563758,-46.652621,"3550308",São Paulo,SP,1521.110
"1165","17",USIFLUS ,GOOD,29,-23.599551,-46.636755,"3550308",São Paulo,SP,1521.110
"1166","33",RIGAC FAM ,GOOD,29,-23.579067,-46.594006,"3550308",São Paulo,SP,1521.110
"1167","31",SIMUI LIMOI ,GOOD,29,-23.631835,-46.735203,"3550308",São Paulo,SP,1521.110
"1175","31",LUVA S ,GOOD,,-23.631835,-46.735203,"3550308",São Paulo,SP,1521.110
"1187","33",IRUZZI ,GOOD,29,,,,,,
"1199","31",CISI RUVAVI ,GOOD,29,-23.631835,-46.735203,"3550308",São Paulo,SP,1521.110
"1204","18",GRIME CRU ,GOOD,,,,,,,
"1205","29",ZIPU ,GOOD,29,-23.561053,-46.558976,"3550308",São Paulo,SP,1521.110
"1208","16",RUSMIURIMA RIRIOU ,FOOD,49,-23.020709,-43.4897,"3304557",Rio de Janeiro,RJ,1200.329
"1210","26",RIGU I CIGU ,FOOD,49,-23.561506,-46.668456,"3550308",São Paulo,SP,1521.110
"1213","21",AMACIS CIRIA,GOOD,29.9,-23.550407,-46.721291,"3550308",São Paulo,SP,1521.110
"1214","21",CRICS ,GOOD,29,-23.550407,-46.721291,"3550308",São Paulo,SP,1521.110
"1215","17",CRICS ,GOOD,29,-23.599551,-46.636755,"3550308",São Paulo,SP,1521.110
"1218","20",PALLO MZU GRALA,FOOD,49.9,-22.996848,-43.361197,"3304557",Rio de Janeiro,RJ,1200.329
"1220","33",R RIRMIM ,GOOD,29,-23.579067,-46.594006,"3550308",São Paulo,SP,1521.110
"1224","31",SSIRIVSGA ,GOOD,,-23.631835,-46.735203,"3550308",São Paulo,SP,1521.110
"1230","27",MZU PIEO SZIP ,GOOD,29,-23.622995,-46.699204,"3550308",São Paulo,SP,1521.110
"1232","33",AMUARASSARA ,GOOD,,-23.579067,-46.594006,"3550308",São Paulo,SP,1521.110
"1233","3",PIUMCU CIRPIMO ,GOOD,29,-30.029656,-51.217429,"4314902",Porto Alegre,RS,495.390
"1235","33",MIARO ZALFAGUR ,GOOD,29,-23.579067,-46.594006,"3550308",São Paulo,SP,1521.110
"1236","33",VACMIR ZUGI ,GOOD,29.9,-23.579067,-46.594006,"3550308",São Paulo,SP,1521.110
"1237","33",SIRLE MUMUAS ,GOOD,29.9,-23.579067,-46.594006,"3550308",São Paulo,SP,1521.110
"1238","33",ZURAMG GAES ,GOOD,29.9,-23.579067,-46.594006,"3550308",São Paulo,SP,1521.110
"1239","33",RULASSI ,GOOD,29.9,-23.579067,-46.594006,"3550308",São Paulo,SP,1521.110
"1242","35",IMICIPRA ,GOOD,29.9,-22.97315,-43.370811,"3304557",Rio de Janeiro,RJ,1200.329
"1246","31",PUGUM ,GOOD,29,-23.631835,-46.735203,"3550308",São Paulo,SP,1521.110
"1247","25",PAGAES ,GOOD,29.9,-23.570765,-46.642043,"3550308",São Paulo,SP,1521.110
"1254","31",PUMAM MAMA ,GOOD,29,-23.631835,-46.735203,"3550308",São Paulo,SP,1521.110
"1259","26",PUGUM ,GOOD,29.9,-23.563758,-46.652621,"3550308",São Paulo,SP,1521.110
"1263","33",RAMASI ,GOOD,29,-23.579067,-46.594006,"3550308",São Paulo,SP,1521.110
"1271","21",IPIQA ,GOOD,,-23.550407,-46.721291,"3550308",São Paulo,SP,1521.110
"1272","20",PAPA CILMIOUS ,GOOD,29.9,-22.996848,-43.361197,"3304557",Rio de Janeiro,RJ,1200.329
"1273","35",MRICA E FAULE ,GOOD,29.9,-22.97315,-43.370811,"3304557",Rio de Janeiro,RJ,1200.329
"1274","28",MZU PIEO SZIP ,GOOD,29,-23.595775,-46.685984,"3550308",São Paulo,SP,1521.110
"1276","35",USIFLUS ,GOOD,29.9,-22.97315,-43.370811,"3304557",Rio de Janeiro,RJ,1200.329
"1278","35",PAPA CILMIOUS ,GOOD,29.9,-22.97315,-43.370811,"3304557",Rio de Janeiro,RJ,1200.329
"1279","8",PAPA CILMIOUS ,GOOD,29.9,-22.921475,-43.234822,"3304557",Rio de Janeiro,RJ,1200.329
"1280","33",RIRIMI ,GOOD,29.9,-23.579067,-46.594006,"3550308",São Paulo,SP,1521.110
"1283","27",SSIRIVSGA ,GOOD,29,-23.622995,-46.699204,"3550308",São Paulo,SP,1521.110
"1288","31",STRAMZ ,GOOD,29,-23.631835,-46.735203,"3550308",São Paulo,SP,1521.110
"1290","26",SSIRIVSGA ,GOOD,29,-23.563758,-46.652621,"3550308",São Paulo,SP,1521.110
"1292","18",SIRSUMG ,GOOD,,,,,,,
"1293","35",SIRSUMG ,GOOD,29,-22.97315,-43.370811,"3304557",Rio de Janeiro,RJ,1200.329
"1300","29",OIGAMA ,GOOD,29,-23.561053,-46.558976,"3550308",São Paulo,SP,1521.110
"1303","13",LIMI EU FAMI PASU ,GOOD,,-22.887521,-43.283366,"3304557",Rio de Janeiro,RJ,1200.329
"1304","25",OIGAMA ,GOOD,29,-23.570765,-46.642043,"3550308",São Paulo,SP,1521.110
"1307","8",GIMA ,FOOD,49.9,-22.921475,-43.234822,"3304557",Rio de Janeiro,RJ,1200.329
"1314","27",OIGAMA ,GOOD,29,-23.622995,-46.699204,"3550308",São Paulo,SP,1521.110
"1317","31",USPIMI PRIMI ,GOOD,49,-23.631835,-46.735203,"3550308",São Paulo,SP,1521.110
"1318","33",PRIMIUVI,GOOD,29,-23.579067,-46.594006,"3550308",São Paulo,SP,1521.110
"1321","31",PUPALU GALA,FOOD,49,-23.631835,-46.735203,"3550308",São Paulo,SP,1521.110
"1324","3",PAZZI PIRPACO ,FOOD,,-30.038145,-51.20352,"4314902",Porto Alegre,RS,495.390
"1325","31",EUCI SGAM ,GOOD,29.9,-23.629826,-46.735203,"3550308",São Paulo,SP,1521.110
"1330","31",R RIRMIM ,GOOD,,-23.631835,-46.735203,"3550308",São Paulo,SP,1521.110
"1332","20",SR MIPICIRAI ,GOOD,29,-22.996848,-43.361197,"3304557",Rio de Janeiro,RJ,1200.329
"1333","20",SUMSARAI ,GOOD,29,-22.996848,-43.361197,"3304557",Rio de Janeiro,RJ,1200.329
"1335","8",ILUIMIRO ,GOOD,29,-22.921475,-43.234822,"3304557",Rio de Janeiro,RJ,1200.329
"1338","31",OIGPUARO ,FOOD,49.9,-23.631835,-46.735203,"3550308",São Paulo,SP,1521.110
"1344","31",CAI RIRAMARI ,GOOD,,-23.631835,-46.735203,"3550308",São Paulo,SP,1521.110
"1345","29",CAI RIRAMARI ,GOOD,29,-23.561053,-46.558976,"3550308",São Paulo,SP,1521.110
"1378","33",SSIRIVSGA ,GOOD,,-23.579067,-46.594006,"3550308",São Paulo,SP,1521.110
"1381","13",ILUIMIRO ,GOOD,,-22.887521,-43.283366,"3304557",Rio de Janeiro,RJ,1200.329
"1383","13",UMALACISI ,GOOD,29,-22.887521,-43.283366,"3304557",Rio de Janeiro,RJ,1200.329
"1395","21",IUMZUMUAC FAM ,GOOD,,-23.550407,-46.721291,"3550308",São Paulo,SP,1521.110
"1397","21",IRM SILG ,GOOD,29,-23.550407,-46.721291,"3550308",São Paulo,SP,1521.110
"1399","3",RUSU ,FOOD,0,-30.038145,-51.20352,"4314902",Porto Alegre,RS,495.390
"1401","27",SUPUR GRALA,FOOD,49.9,-23.622995,-46.699204,"3550308",São Paulo,SP,1521.110
"1404","31",GAIVIMUI PIPO ,GOOD,29.9,-23.631667,-46.735203,"3550308",São Paulo,SP,1521.110
"1406","26",SUPUR GRALA,FOOD,49.9,-23.563758,-46.652621,"3550308",São Paulo,SP,1521.110
"1409","17",PAMACIS ,GOOD,29.9,-23.599551,-46.636755,"3550308",São Paulo,SP,1521.110
"1411","29",CIRACIOU ,GOOD,29.9,-23.561053,-46.558976,"3550308",São Paulo,SP,1521.110
"1412","29",ISZUI ,GOOD,29.9,-23.561053,-46.558976,"3550308",São Paulo,SP,1521.110
"1413","20",LUVAES ,GOOD,29,-22.996848,-43.361197,"3304557",Rio de Janeiro,RJ,1200.329
"1415","8",LUVAES ,GOOD,29,-22.921475,-43.234822,"3304557",Rio de Janeiro,RJ,1200.329
"1416","13",LUVAES ,GOOD,29,-22.887521,-43.283366,"3304557",Rio de Janeiro,RJ,1200.329
"1419","8",PLIMUMIO ,GOOD,29.9,-22.921475,-43.234822,"3304557",Rio de Janeiro,RJ,1200.329
"1428","8",SILAMIS ,GOOD,,-22.921475,-43.234822,"3304557",Rio de Janeiro,RJ,1200.329
"1431","20",UMACAU ,GOOD,29,-22.996848,-43.361197,"3304557",Rio de Janeiro,RJ,1200.329
"1432","33",LUPI ,GOOD,,-23.579067,-46.594006,"3550308",São Paulo,SP,1521.110
"1433","33",RIOPULLAMU ,GOOD,29.9,-23.579067,-46.594006,"3550308",São Paulo,SP,1521.110
"1435","8",USIFLUS ,GOOD,29.9,-22.921475,-43.234822,"3304557",Rio de Janeiro,RJ,1200.329
"1437","20",EULIRUM ,GOOD,29.9,-22.996848,-43.361197,"3304557",Rio de Janeiro,RJ,1200.329
"1438","13",RIOPULLAMU ,GOOD,29.9,-22.887521,-43.283366,"3304557",Rio de Janeiro,RJ,1200.329
"1442","31",AIEMAMIMU IU PRUSEM,GOOD,29.9,-23.631835,-46.735203,"3550308",São Paulo,SP,1521.110
"1454","36",RUGI SMIRU CICIU SZIS ,GOOD,29.9,-30.085743,-51.245997,"4314902",Porto Alegre,RS,495.390
"1455","27",CICIU SZIS ,GOOD,29.9,-23.622995,-46.699204,"3550308",São Paulo,SP,1521.110
"1458","29",RUGI SMIRU CICIU SZIS ,GOOD,29.9,-23.561053,-46.558976,"3550308",São Paulo,SP,1521.110
"1460","29",CIARUM SMUOLUMS ,GOOD,29.9,-23.561053,-46.558976,"3550308",São Paulo,SP,1521.110
"1473","33",PILRUARIS SMIRU ,GOOD,29,-23.579067,-46.594006,"3550308",São Paulo,SP,1521.110
"1474","33",IMICIPRA ,GOOD,29,-23.579067,-46.594006,"3550308",São Paulo,SP,1521.110
"1477","13",CLUPU RULASSI ,GOOD,29,-22.887521,-43.283366,"3304557",Rio de Janeiro,RJ,1200.329
"1482","36",SSIRIVSGA ,GOOD,29.9,-22.998897,-43.3371057,"3304557",Rio de Janeiro,RJ,1200.329
"1492","18",ZURAMG CIPICIPIMI ,GOOD,29.9,-22.972848,-43.188259,"3304557",Rio de Janeiro,RJ,1200.329
"1495","18",ZURAMG CIMUMU ,GOOD,29.9,-22.930807,-43.177547,"3304557",Rio de Janeiro,RJ,1200.329
"1496","18",ZURAMG RAI SUA,GOOD,29.9,-22.956842,-43.176536,"3304557",Rio de Janeiro,RJ,1200.329
"1497","35",ZURAMG ,GOOD,29.9,-22.982371,-43.361246,"3304557",Rio de Janeiro,RJ,1200.329
"1498","16",ZURAMG IRURACIS ,GOOD,29.9,-22.973898,-43.367431,"3304557",Rio de Janeiro,RJ,1200.329
"1507","18",ZURAMG CUMURI ,GOOD,29.9,-22.902939,-43.179809,"3304557",Rio de Janeiro,RJ,1200.329
"1508","8",IMACIS CIRIA,GOOD,,-22.921475,-43.234822,"3304557",Rio de Janeiro,RJ,1200.329
"1512","8",VAI RAI ,GOOD,29,-22.921475,-43.234822,"3304557",Rio de Janeiro,RJ,1200.329
"1515","33",AIEMAMIMU IU PRUSEM,GOOD,29.9,-23.579067,-46.594006,"3550308",São Paulo,SP,1521.110
"1519","26",IPIQA ,GOOD,29.9,-23.563758,-46.652621,"3550308",São Paulo,SP,1521.110
"1520","25",IPIQA ,GOOD,29.9,-23.570765,-46.642043,"3550308",São Paulo,SP,1521.110
"1528","20",EULARAI MRIPACIA,FOOD,49.9,-22.996848,-43.361197,"3304557",Rio de Janeiro,RJ,1200.329
"1529","17",ÂRPIR PILMACI ,GOOD,,-23.599551,-46.636755,"3550308",São Paulo,SP,1521.110
"1530","36",SUPSIO ,FOOD,49,-30.085743,-51.245997,"4314902",Porto Alegre,RS,495.390
"1538","33",CISI PIUEUEMI ,GOOD,49.9,-23.579067,-46.59282,"3550308",São Paulo,SP,1521.110
"1539","21",CISI PIUEUEMI ,GOOD,49.9,-23.550407,-46.721291,"3550308",São Paulo,SP,1521.110
"1551","3",PRIMGIPA,GOOD,,,,,,,
"1556","36",PIPRU SUIM ,FOOD,49,-30.085743,-51.245997,"4314902",Porto Alegre,RS,495.390
"1560","17",MUG ,GOOD,29,-23.599551,-46.636755,"3550308",São Paulo,SP,1521.110
"1568","33",EUCI SGAM ,GOOD,29,-23.579067,-46.594006,"3550308",São Paulo,SP,1521.110
"1571","27",EURECA MPECILIMUS ,GOOD,,-23.622995,-46.699204,"3550308",São Paulo,SP,1521.110
"1579","20",ILAVI ,FOOD,49,-22.996848,-43.359636,"3304557",Rio de Janeiro,RJ,1200.329
"1583","13",LUVAES ,GOOD,29.9,-22.887521,-43.283366,"3304557",Rio de Janeiro,RJ,1200.329
"1584","18",LUVAES ,GOOD,29,-22.94733,-43.183534,"3304557",Rio de Janeiro,RJ,1200.329
"1586","8",EULARAI MRIPACIA,FOOD,49.9,-22.921475,-43.234822,"3304557",Rio de Janeiro,RJ,1200.329
"1587","35",EULARAI MRIPACIA,FOOD,49.9,-22.97315,-43.370811,"3304557",Rio de Janeiro,RJ,1200.329
"1589","43",R RIRMIM ,GOOD,29,-25.4412212,-49.27769,"4106902",Curitiba,PR,434.892
"1590","20",ISZUI ,GOOD,29,-22.996848,-43.361197,"3304557",Rio de Janeiro,RJ,1200.329
"1591","33",PUZAMZI E CAI ,GOOD,29,-23.579067,-46.594006,"3550308",São Paulo,SP,1521.110
"1594","51",CZAMULIMACIS ,GOOD,29,-22.927336,-43.572533,"3304557",Rio de Janeiro,RJ,1200.329
"1600","17",PILRAPO ,GOOD,,-23.599551,-46.636755,"3550308",São Paulo,SP,1521.110
"1601","28",MIOURIOU ,GOOD,29,-23.595775,-46.685984,"3550308",São Paulo,SP,1521.110
"1602","25",MIOURIOU ,GOOD,29,-23.570765,-46.642043,"3550308",São Paulo,SP,1521.110
"1603","29",MIOURIOU ,GOOD,,-23.561053,-46.558976,"3550308",São Paulo,SP,1521.110
"1606","36",PIARIUARI,GOOD,,,,,,,
"1607","13",EPOSIRPI ,GOOD,29,-22.887521,-43.283366,"3304557",Rio de Janeiro,RJ,1200.329
"1608","17",CZALLA PUIMS LISI ,GOOD,29,-23.599551,-46.636755,"3550308",São Paulo,SP,1521.110
"1609","43",SIRSUMG ,GOOD,,-25.4412212,-49.27769,"4106902",Curitiba,PR,434.892
"1610","42",SIRSUMG ,GOOD,,-25.438766,-49.266532,"4106902",Curitiba,PR,434.892
"1612","44",SIRSUMG ,GOOD,,-25.4351398,-49.3167883,"4106902",Curitiba,PR,434.892
"1620","27",META EASSU PURUMACU ,GOOD,29.9,-23.622995,-46.699204,"3550308",São Paulo,SP,1521.110
"1621","20",META EASSU PURUMACU ,GOOD,29.9,-22.996848,-43.361197,"3304557",Rio de Janeiro,RJ,1200.329
"1622","29",META EASSU PURUMACU ,GOOD,29.9,-23.561053,-46.558976,"3550308",São Paulo,SP,1521.110
"1629","25",SIRLE MUMUAS ,GOOD,29,-23.570765,-46.642043,"3550308",São Paulo,SP,1521.110
"1630","33",PIR DA URSI ,GOOD,,-23.579067,-46.594006,"3550308",São Paulo,SP,1521.110
"1632","17",GRUGIRO ,GOOD,29,-23.599551,-46.636755,"3550308",São Paulo,SP,1521.110
"1633","44",PIRAGUAM,GOOD,,,,,,,
"1634","8",ITAOUS ,GOOD,,-22.921475,-43.234822,"3304557",Rio de Janeiro,RJ,1200.329
"1635","37",PIPCIRM GIUARUM ,FOOD,29,-23.507105,-46.718197,"3550308",São Paulo,SP,1521.110
"1636","33",PRUSUMA OUS IMSIS ,GOOD,29,-23.579067,-46.594006,"3550308",São Paulo,SP,1521.110
"1641","25",CIRACIOU ,GOOD,29.9,-23.570765,-46.642043,"3550308",São Paulo,SP,1521.110
"1642","27",CIRACIOU ,GOOD,29.9,-23.622995,-46.699204,"3550308",São Paulo,SP,1521.110
"1647","44",CIRACIOU ,GOOD,29.29,-25.4351398,-49.3167883,"4106902",Curitiba,PR,434.892
"1649","44",PIRPALA ,GOOD,29.9,-25.4351398,-49.3167883,"4106902",Curitiba,PR,434.892
"1661","44",PUGUM ,GOOD,29.9,-25.4351398,-49.3167883,"4106902",Curitiba,PR,434.892
"1664","26",SPILUMI ,FOOD,49.9,-23.563758,-46.652621,"3550308",São Paulo,SP,1521.110
"1667","44",CLACAO SLARU ,GOOD,29,-25.4351398,-49.3167883,"4106902",Curitiba,PR,434.892
"1674","27",VUSMUR ,GOOD,29,-23.622995,-46.699204,"3550308",São Paulo,SP,1521.110
"1679","17",CUMOIARAS ,GOOD,29.9,-23.599551,-46.636755,"3550308",São Paulo,SP,1521.110
"1680","43",MAP MIP ,GOOD,29.9,-25.4412212,-49.27769,"4106902",Curitiba,PR,434.892
"1681","35",ZIM ME MUMEUR ,FOOD,49.9,-22.97315,-43.370811,"3304557",Rio de Janeiro,RJ,1200.329
"1685","13",CUMOIARAS ,GOOD,29,-22.887521,-43.283366,"3304557",Rio de Janeiro,RJ,1200.329
"1693","17",ACULIS MRAMIM ,GOOD,29,-23.599551,-46.636755,"3550308",São Paulo,SP,1521.110
"1696","33",SUPUR GRALA,FOOD,49.9,-23.579067,-46.594006,"3550308",São Paulo,SP,1521.110
"1704","28",MIUMSAU ,FOOD,49,-23.595775,-46.685984,"3550308",São Paulo,SP,1521.110
"1705","8",CIMRIM ,GOOD,29,-22.921475,-43.234822,"3304557",Rio de Janeiro,RJ,1200.329
"1721","20",CIRACIOU ,GOOD,29.9,-22.996848,-43.361197,"3304557",Rio de Janeiro,RJ,1200.329
"1723","33",CIRACIOU ,GOOD,29.9,-23.579067,-46.594006,"3550308",São Paulo,SP,1521.110
"1728","33",PASCIAMU ,FOOD,49.9,-23.579067,-46.594006,"3550308",São Paulo,SP,1521.110
"1729","22",CIRACIOU ,GOOD,29.9,-23.001696,-43.386494,"3304557",Rio de Janeiro,RJ,1200.329
"1730","8",CIRACIOU ,GOOD,29.9,-22.921475,-43.234822,"3304557",Rio de Janeiro,RJ,1200.329
"1739","20",CIMRIM ,GOOD,29,-22.996848,-43.361197,"3304557",Rio de Janeiro,RJ,1200.329
"1745","43",PUGUM ,GOOD,29.9,-25.4412212,-49.27769,"4106902",Curitiba,PR,434.892
"1748","25",SSIRIVSGA ,GOOD,29,-23.570765,-46.642043,"3550308",São Paulo,SP,1521.110
"1772","20",IMIUGA VUGIMI ,FOOD,,-22.996848,-43.361197,"3304557",Rio de Janeiro,RJ,1200.329
"1784","21",EURECA ,GOOD,,-23.550407,-46.721291,"3550308",São Paulo,SP,1521.110
"1787","44",GRUGIRO ,GOOD,,-25.4351398,-49.3167883,"4106902",Curitiba,PR,434.892
"1792","36",ASASS ,FOOD,49,-30.085743,-51.245997,"4314902",Porto Alegre,RS,495.390
"1799","51",SARIVIGIMZI ,GOOD,29,-22.927336,-43.572533,"3304557",Rio de Janeiro,RJ,1200.329
"1801","17",ZIPU ,GOOD,29.9,-23.599551,-46.636755,"3550308",São Paulo,SP,1521.110
"1804","3",RIRAI CISAMZI ,FOOD,,-30.038145,-51.20352,"4314902",Porto Alegre,RS,495.390
"1814","13",I CISI DA PRUSI ,FOOD,,-22.887521,-43.283366,"3304557",Rio de Janeiro,RJ,1200.329
"1816","44",RUGI CICIU SZIS ,GOOD,29.9,-25.4351398,-49.3167883,"4106902",Curitiba,PR,434.892
"1820","29",PIRPALA ,GOOD,29.9,-23.561053,-46.558976,"3550308",São Paulo,SP,1521.110
"1822","27",PIRPALA ,GOOD,29,-23.622995,-46.699204,"3550308",São Paulo,SP,1521.110
"1833","8",ZUS ,GOOD,29,-22.921475,-43.234822,"3304557",Rio de Janeiro,RJ,1200.329
"1835","25",PASCIAMU ,FOOD,49,-23.570765,-46.642043,"3550308",São Paulo,SP,1521.110
"1842","13",TRAPRAM POI ,FOOD,49.9,-22.887521,-43.283366,"3304557",Rio de Janeiro,RJ,1200.329
"1844","51",RUGI SMIRU CICIU SZIS ,GOOD,29.9,-22.927336,-43.572533,"3304557",Rio de Janeiro,RJ,1200.329
"1852","36",PILIMCUIOU ,FOOD,49,-30.085743,-51.245997,"4314902",Porto Alegre,RS,495.390
"1855","16",CRICS ,GOOD,29,-23.020709,-43.4897,"3304557",Rio de Janeiro,RJ,1200.329
"1867","27",CUMOIARAS ,GOOD,29,-23.622995,-46.699204,"3550308",São Paulo,SP,1521.110
"1872","26",CUMOIARAS ,GOOD,29,-23.563758,-46.652621,"3550308",São Paulo,SP,1521.110
"1873","26",CUMOIARAS QUAISQA ,GOOD,29,-23.563758,-46.652621,"3550308",São Paulo,SP,1521.110
"1874","25",CUMOIARAS ,GOOD,29,-23.570765,-46.642043,"3550308",São Paulo,SP,1521.110
"1875","25",CUMOIARAS ,GOOD,,-23.570765,-46.642043,"3550308",São Paulo,SP,1521.110
"1881","20",CUMOIARAS ,GOOD,29,-22.996848,-43.361197,"3304557",Rio de Janeiro,RJ,1200.329
"1882","20",CUMOIARAS QUAISQA MO ,GOOD,29,-22.996848,-43.361197,"3304557",Rio de Janeiro,RJ,1200.329
"1883","31",CIPIOURMU ,GOOD,,-23.631835,-46.735203,"3550308",São Paulo,SP,1521.110
"1888","33",ZIVIAIMIS ,GOOD,29,-23.579067,-46.594006,"3550308",São Paulo,SP,1521.110
"1899","21",VPUIUMO ,GOOD,29,-23.550407,-46.721291,"3550308",São Paulo,SP,1521.110
"1910","17",ARIGAMIRAUR ,GOOD,29,-23.599551,-46.636755,"3550308",São Paulo,SP,1521.110
"1911","13",USPIRMU FAMI SMIRU ,GOOD,29,-22.887521,-43.283366,"3304557",Rio de Janeiro,RJ,1200.329
"1914","16",PIRMI DA SIPIR ,FOOD,49.9,-23.020709,-43.4897,"3304557",Rio de Janeiro,RJ,1200.329
"1923","3",GUIAPUCI PURGUR ,FOOD,49.9,-30.038145,-51.20352,"4314902",Porto Alegre,RS,495.390
"1924","20",VIMS ,GOOD,29,-22.996848,-43.361197,"3304557",Rio de Janeiro,RJ,1200.329
"1925","17",I PIMACIRAI ,GOOD,29.9,-23.599551,-46.636755,"3550308",São Paulo,SP,1521.110
"1926","17",META EASSU PURUMACU ,GOOD,29.9,-23.599551,-46.636755,"3550308",São Paulo,SP,1521.110
"1928","44",SIZMUO RICAUMS ,FOOD,49.9,-25.4351398,-49.3167883,"4106902",Curitiba,PR,434.892
"1930","20",USPUMUI CIRAICI ,FOOD,49.9,-22.996848,-43.361197,"3304557",Rio de Janeiro,RJ,1200.329
"1940","31",PAMACIS ,GOOD,19.9,-23.631835,-46.735203,"3550308",São Paulo,SP,1521.110
"1964","13",LUEMIS MOIM ,GOOD,29,-22.887521,-43.283366,"3304557",Rio de Janeiro,RJ,1200.329
"1967","43",RIRIMI ,GOOD,29.9,-25.4412212,-49.27769,"4106902",Curitiba,PR,434.892
"1981","13",LIFM ,GOOD,,-22.887521,-43.283366,"3304557",Rio de Janeiro,RJ,1200.329
"1984","43",SUSZAIGA ,FOOD,49.9,-25.4412212,-49.27769,"4106902",Curitiba,PR,434.892
"1987","20",PIRPALA ,GOOD,29,-22.996848,-43.361197,"3304557",Rio de Janeiro,RJ,1200.329
"1992","43",CZALLA PUIMS ,GOOD,29,-25.4412212,-49.27769,"4106902",Curitiba,PR,434.892
"1996","51",META EASSU PURUMACU ,GOOD,29.9,-22.927336,-43.572533,"3304557",Rio de Janeiro,RJ,1200.329
"1997","18",META EASSU PURUMACU ,GOOD,29.9,-22.94733,-43.183534,"3304557",Rio de Janeiro,RJ,1200.329
"1999","43",META EASSU PURUMACU ,GOOD,29.9,-25.4412212,-49.27769,"4106902",Curitiba,PR,434.892
"2002","44",META EASSU PURUMACU ,GOOD,29.9,-25.4351398,-49.3167883,"4106902",Curitiba,PR,434.892
"2006","18",LUVAES ,GOOD,29,-22.94733,-43.183534,"3304557",Rio de Janeiro,RJ,1200.329
"2007","26",ZIVIMUI ,GOOD,29.9,-23.563758,-46.652621,"3550308",São Paulo,SP,1521.110
"2008","8",META EASSU PURUMACU ,GOOD,29.9,-22.921475,-43.234822,"3304557",Rio de Janeiro,RJ,1200.329
"2012","44",EURECA ,GOOD,29,-25.4351398,-49.3167883,"4106902",Curitiba,PR,434.892
"2013","31",EURECA ,GOOD,29,-23.631835,-46.735203,"3550308",São Paulo,SP,1521.110
"2014","20",EURECA ,GOOD,29,-22.996848,-43.361197,"3304557",Rio de Janeiro,RJ,1200.329
"2026","13",LU EUPAIMAR ,FOOD,49,-22.887521,-43.283366,"3304557",Rio de Janeiro,RJ,1200.329
"2028","13",CZALLA PUIMS ,GOOD,29,-22.887521,-43.283366,"3304557",Rio de Janeiro,RJ,1200.329
"2036","44",SUSZAIGA ,FOOD,49.9,-25.4351398,-49.3167883,"4106902",Curitiba,PR,434.892
"2037","28",LUVAES ,GOOD,29,-23.595775,-46.685984,"3550308",São Paulo,SP,1521.110
"2043","31",IRUZZI ,GOOD,29.9,-23.631835,-46.735203,"3550308",São Paulo,SP,1521.110
"2047","17",LUVAS ,GOOD,29,-23.599551,-46.636755,"3550308",São Paulo,SP,1521.110
"2049","17",SIRLE MUMUAS ,GOOD,29.9,-23.599551,-46.636755,"3550308",São Paulo,SP,1521.110
"2050","33",IRUZZI ,GOOD,29.9,-23.579067,-46.594006,"3550308",São Paulo,SP,1521.110
"2052","13",AERUIR  ,GOOD,,-22.887521,-43.283366,"3304557",Rio de Janeiro,RJ,1200.329
"2055","8",SIMUI LIMOI ,GOOD,29,-22.921475,-43.234822,"3304557",Rio de Janeiro,RJ,1200.329
"2060","43",FIPRACI EA MPECILIMU ,FOOD,49.9,-25.4412212,-49.27769,"4106902",Curitiba,PR,434.892
"2061","42",FIPRACI EA MPECILIMU ,FOOD,49.9,-25.438766,-49.266532,"4106902",Curitiba,PR,434.892
"2070","31",PA PISACI ,GOOD,29.9,-23.631835,-46.735203,"3550308",São Paulo,SP,1521.110
"2073","21",PIMOURI ,GOOD,29,-23.550407,-46.721291,"3550308",São Paulo,SP,1521.110
"2074","42",PUPALU RAS ,FOOD,49.9,-25.438766,-49.266532,"4106902",Curitiba,PR,434.892
"2078","13",MIRMUVAVI,GOOD,29.9,-22.887521,-43.283366,"3304557",Rio de Janeiro,RJ,1200.329
"2079","13",ARIGAMIRAUR ,GOOD,29.9,-22.887521,-43.283366,"3304557",Rio de Janeiro,RJ,1200.329
"2080","8",SIRGU PASMPEOL ,GOOD,29,-22.921475,-43.234822,"3304557",Rio de Janeiro,RJ,1200.329
"2097","33",CICIU SZIS ,GOOD,29,-23.579067,-46.594006,"3550308",São Paulo,SP,1521.110
"2109","21",ZIVIAIMIS ,GOOD,29,-23.550407,-46.721291,"3550308",São Paulo,SP,1521.110
"2110","27",CRAIRAGIS ,GOOD,29,-23.622995,-46.699204,"3550308",São Paulo,SP,1521.110
"2112","51",PIMRIMA ,FOOD,49.9,-22.926904,-43.572533,"3304557",Rio de Janeiro,RJ,1200.329
"2118","8",ZIPU ,GOOD,29,-22.921475,-43.234822,"3304557",Rio de Janeiro,RJ,1200.329
"2136","27",CAI RIRAMARI ,GOOD,29.9,-23.622995,-46.699204,"3550308",São Paulo,SP,1521.110
"2137","33",RUSURVI ,GOOD,29.9,-23.579067,-46.594006,"3550308",São Paulo,SP,1521.110
"2138","33",QUAGSALVUR ,GOOD,29,-23.579067,-46.594006,"3550308",São Paulo,SP,1521.110
"2139","33",EAVAMI FIGOI ,FOOD,49.9,-23.579067,-46.59282,"3550308",São Paulo,SP,1521.110
"2142","43",ILZI I TRAPRIS ,FOOD,49.9,-25.4412212,-49.27769,"4106902",Curitiba,PR,434.892
"2149","43",VUG U LUV ,FOOD,49.9,-25.4412212,-49.27769,"4106902",Curitiba,PR,434.892
"2150","31",IRMU UR RUMILZIS ,GOOD,29,-23.631835,-46.735203,"3550308",São Paulo,SP,1521.110
"2156","43",RO PISMUAS ,FOOD,49.9,-25.4412212,-49.27769,"4106902",Curitiba,PR,434.892
"2161","28",EAVAMI FIGOI ,FOOD,49.9,-23.595775,-46.685984,"3550308",São Paulo,SP,1521.110
"2167","25",CIPIOURMU ,GOOD,29,-23.570765,-46.642043,"3550308",São Paulo,SP,1521.110
"2168","17",IMICIPRA ,GOOD,29.9,-23.599551,-46.636755,"3550308",São Paulo,SP,1521.110
"2169","31",AMACI RAMIMA ,GOOD,,-23.631835,-46.735203,"3550308",São Paulo,SP,1521.110
"2170","37",SIZMUO RICAUMS ,FOOD,49.9,-23.507105,-46.718197,"3550308",São Paulo,SP,1521.110
"2181","13",LILI CISRUMACS ,GOOD,29,-22.887521,-43.283366,"3304557",Rio de Janeiro,RJ,1200.329
"2188","44",RO PISMUAS ,FOOD,49.9,-25.4351398,-49.3167883,"4106902",Curitiba,PR,434.892
"2189","42",RO PISMUAS ,FOOD,49.9,-25.438766,-49.266532,"4106902",Curitiba,PR,434.892
"2193","21",RIOPULLAMU ,GOOD,,-23.550407,-46.721291,"3550308",São Paulo,SP,1521.110
"2198","13",AZASSARI ,GOOD,29,-22.887521,-43.283366,"3304557",Rio de Janeiro,RJ,1200.329
"2211","35",IMRISFURI SPIRM MUMRAMAIM ,GOOD,29.9,-22.97315,-43.370811,"3304557",Rio de Janeiro,RJ,1200.329
"2216","18",PAMACIS ,GOOD,29.9,-22.94733,-43.183534,"3304557",Rio de Janeiro,RJ,1200.329
"2221","33",MUG ,GOOD,29,-23.579067,-46.594006,"3550308",São Paulo,SP,1521.110
"2229","42",MUG ,GOOD,29,-25.438766,-49.266532,"4106902",Curitiba,PR,434.892
"2233","31",MAP MIP ,GOOD,29.9,-23.629826,-46.735203,"3550308",São Paulo,SP,1521.110
"2244","17",PUGUM ,GOOD,29.9,-23.599551,-46.636755,"3550308",São Paulo,SP,1521.110
"2249","20",EU POI MI ILRIMI ,FOOD,0,-22.996848,-43.359636,"3304557",Rio de Janeiro,RJ,1200.329
"2257","42",LOI CISROMACIS ,GOOD,29,-25.438766,-49.266532,"4106902",Curitiba,PR,434.892
"2260","44",CZALLA PUIMS ,GOOD,29,-25.4351398,-49.3167883,"4106902",Curitiba,PR,434.892
"2261","43",LOI CISROMACIS ,GOOD,29,-25.4412212,-49.27769,"4106902",Curitiba,PR,434.892
"2264","33",MAP MIP ,GOOD,,-23.579067,-46.594006,"3550308",São Paulo,SP,1521.110
"2267","17",SIZ DA IMIA ,FOOD,49.9,-23.599551,-46.636755,"3550308",São Paulo,SP,1521.110
"2270","73",LIGGAPLUS,FOOD,,,,,,,
"2274","27",LILI CISRUMACS ,GOOD,,-23.622995,-46.699204,"3550308",São Paulo,SP,1521.110
"2275","20",LILI CISRUMACS ,GOOD,29,-22.996848,-43.361197,"3304557",Rio de Janeiro,RJ,1200.329
"2276","28",LILI CISRUMACS ,GOOD,29,-23.595775,-46.685984,"3550308",São Paulo,SP,1521.110
"2278","51",IPA EMUOU ,GOOD,,,,,,,
"2292","37",AIEMAMIMU IU PRUSEM,GOOD,29,-23.507105,-46.718197,"3550308",São Paulo,SP,1521.110
"2306","13",ZIVIAIMIS ,GOOD,,-22.887521,-43.283366,"3304557",Rio de Janeiro,RJ,1200.329
"2311","13",PAGAES ,GOOD,29.9,-22.887521,-43.283366,"3304557",Rio de Janeiro,RJ,1200.329
"2313","36",IPALUPAES ,FOOD,49,-30.085743,-51.245997,"4314902",Porto Alegre,RS,495.390
"2317","37",SIRSUMG ,GOOD,0,-23.507105,-46.718197,"3550308",São Paulo,SP,1521.110
"2326","37",CLUPU RULASSI ,GOOD,,-23.507105,-46.718197,"3550308",São Paulo,SP,1521.110
"2354","13",RIOIAMRUEUA,FOOD,49.9,-22.887521,-43.283366,"3304557",Rio de Janeiro,RJ,1200.329
"2355","17",URPARAI IEUGI PULIMIS ,GOOD,29,-23.581713,-46.64582,"3550308",São Paulo,SP,1521.110
"2356","8",CAI RIRAMARI ,GOOD,29.9,-22.921475,-43.234774,"3304557",Rio de Janeiro,RJ,1200.329
"2390","8",SIRLE MUMUAS ,GOOD,,-22.921475,-43.234822,"3304557",Rio de Janeiro,RJ,1200.329
"2398","27",EAVAMI FIGOI ,FOOD,49.9,-23.622995,-46.699204,"3550308",São Paulo,SP,1521.110
"2400","75",CLUPU RULASSI ,GOOD,29.9,-25.477073,-49.28966,"4106902",Curitiba,PR,434.892
"2403","42",CLUPU RULASSI ,GOOD,,-25.438766,-49.266532,"4106902",Curitiba,PR,434.892
"2404","43",CLUPU RULASSI ,GOOD,29.9,-25.4412212,-49.27769,"4106902",Curitiba,PR,434.892
"2413","51",RE GULIMURAI ,FOOD,,-22.927336,-43.572533,"3304557",Rio de Janeiro,RJ,1200.329
"2414","75",CAI DA PUERI ,GOOD,29,-25.477073,-49.28966,"4106902",Curitiba,PR,434.892
"2425","33",CMS ,GOOD,,-23.579067,-46.594003,"3550308",São Paulo,SP,1521.110
"2429","44",PUPALU RAS MUI ,FOOD,,-25.4351398,-49.3167883,"4106902",Curitiba,PR,434.892
"2432","42",MUMUO PIVIRAIM ,FOOD,29.9,-25.438766,-49.266532,"4106902",Curitiba,PR,434.892
"2433","75",MUMUO PIVIRAIM ,FOOD,29.9,-25.477073,-49.28966,"4106902",Curitiba,PR,434.892
"2434","75",MZU PIEO SZIP ,GOOD,,-25.477073,-49.28966,"4106902",Curitiba,PR,434.892
"2436","75",ZURAMG GAES ,GOOD,29.9,-25.477073,-49.28966,"4106902",Curitiba,PR,434.892
"2439","37",PAZZI ZUM ,FOOD,49.9,-23.507105,-46.718197,"3550308",São Paulo,SP,1521.110
"2447","13",CISIS PUERI ,GOOD,29.9,-22.886774,-43.283164,"3304557",Rio de Janeiro,RJ,1200.329
"2451","13",SUSMAMA ,GOOD,,-22.887521,-43.283366,"3304557",Rio de Janeiro,RJ,1200.329
"2459","44",EUCI SGAM ,GOOD,29,-25.4351398,-49.3167883,"4106902",Curitiba,PR,434.892
"2463","75",RIRG LISUR PURSIMILAMO ,GOOD,,-25.477073,-49.28966,"4106902",Curitiba,PR,434.892
"2465","28",CIMSMIMCU ,GOOD,,-23.595775,-46.685984,"3550308",São Paulo,SP,1521.110
"2466","37",LUVAES ,GOOD,,-23.507105,-46.718197,"3550308",São Paulo,SP,1521.110
"2468","26",AIEMAMIMU IU PRUSEM,GOOD,29.9,-23.563758,-46.652621,"3550308",São Paulo,SP,1521.110
"2471","75",SIRSUMG ,GOOD,,-25.477073,-49.28966,"4106902",Curitiba,PR,434.892
"2479","37",IRUZZI ,GOOD,29.9,-23.507105,-46.718197,"3550308",São Paulo,SP,1521.110
"2480","27",CLUPU RULASSI ,GOOD,29,-23.622995,-46.699204,"3550308",São Paulo,SP,1521.110
"2482","31",LICISMU ,GOOD,29,-23.631835,-46.735203,"3550308",São Paulo,SP,1521.110
"2489","75",CIRACIOU ,GOOD,29.9,-25.477073,-49.28966,"4106902",Curitiba,PR,434.892
"2500","51",CEI ,GOOD,,-22.927336,-43.572533,"3304557",Rio de Janeiro,RJ,1200.329
"2505","13",IRUZZI ,GOOD,29,-22.887521,-43.283366,"3304557",Rio de Janeiro,RJ,1200.329
"2518","21",EUCI SGAM QUAISQA ,GOOD,29,-23.550407,-46.721291,"3550308",São Paulo,SP,1521.110
"2529","27",EUCI SGAM ,GOOD,29,-23.622995,-46.699204,"3550308",São Paulo,SP,1521.110
"2541","51",GIMA ,FOOD,49,-22.927336,-43.572533,"3304557",Rio de Janeiro,RJ,1200.329
"2542","20",EUCI SGAM ,GOOD,29,-22.996848,-43.361197,"3304557",Rio de Janeiro,RJ,1200.329
"2543","20",EUCI SGAM ,GOOD,29,-22.996848,-43.35981,"3304557",Rio de Janeiro,RJ,1200.329
"2545","29",EUCI SGAM ,GOOD,29,-23.561053,-46.558976,"3550308",São Paulo,SP,1521.110
"2559","51",PIARU ,FOOD,,-22.927336,-43.572533,"3304557",Rio de Janeiro,RJ,1200.329
"2583","43",PRURAIMUI ,FOOD,49.9,-25.4412212,-49.27769,"4106902",Curitiba,PR,434.892
"2587","75",PEC PILIS ,FOOD,49,-25.477073,-49.28966,"4106902",Curitiba,PR,434.892
"2595","8",USPIRMU FAMI SMIRU ,GOOD,,-22.921475,-43.234774,"3304557",Rio de Janeiro,RJ,1200.329
"2604","21",GIPUMZIGUM ,GOOD,,-23.550407,-46.721291,"3550308",São Paulo,SP,1521.110
"2640","27",CZALLA PUIMS ,GOOD,29,-23.622995,-46.699204,"3550308",São Paulo,SP,1521.110
"2645","31",GRIME CRU ,GOOD,29.9,-23.629826,-46.735203,"3550308",São Paulo,SP,1521.110
"2658","75",LUI CISRUMACIS ,GOOD,29,-25.477073,-49.28966,"4106902",Curitiba,PR,434.892
"2661","75",RALGLIMEAI ,GOOD,29,-25.477073,-49.28966,"4106902",Curitiba,PR,434.892
"2664","75",ZIVIMUI ,GOOD,29,-25.477073,-49.28966,"4106902",Curitiba,PR,434.892
"2700","26",MZU SUACU LIP ,FOOD,49.9,-23.563758,-46.652621,"3550308",São Paulo,SP,1521.110
"2703","75",MPECILIMUS PRISEMCICIU ,GOOD,29,-25.477073,-49.28966,"4106902",Curitiba,PR,434.892
"2710","75",ZIVIAIMIS ,GOOD,29,-25.477073,-49.28966,"4106902",Curitiba,PR,434.892
"2730","44",TRAF VURGO ,FOOD,49,-25.4351398,-49.3167883,"4106902",Curitiba,PR,434.892
"2732","35",RO PRISMAUS ,FOOD,49,-22.96988,-43.370811,"3304557",Rio de Janeiro,RJ,1200.329
"2734","51",PALLO MZU GRALA,FOOD,49.9,-22.926904,-43.572533,"3304557",Rio de Janeiro,RJ,1200.329
"2749","51",PALLO PURGAR ,FOOD,49.9,-22.927336,-43.572533,"3304557",Rio de Janeiro,RJ,1200.329
"2754","28",IMO IMO ,GOOD,29,-23.595215,-46.685984,"3550308",São Paulo,SP,1521.110
"2756","29",IMO IMO ,GOOD,29,-23.561053,-46.558976,"3550308",São Paulo,SP,1521.110
"2764","44",RUG ICUSSIRAIS AMFIMUAS ,GOOD,29,-25.4351398,-49.3167883,"4106902",Curitiba,PR,434.892
"2785","37",GIPUMZIGUM ,GOOD,29,-23.507105,-46.718197,"3550308",São Paulo,SP,1521.110
"2800","75",LIVAM ,GOOD,29,-25.477073,-49.28966,"4106902",Curitiba,PR,434.892
"2812","31",EAVAMI FIGOI ,FOOD,49.9,-23.629826,-46.735203,"3550308",São Paulo,SP,1521.110
"2816","27",IMO IMO ,GOOD,29.9,-23.622995,-46.699204,"3550308",São Paulo,SP,1521.110
"2836","75",RO COIGAUS ,FOOD,49,-25.477073,-49.28966,"4106902",Curitiba,PR,434.892
"2861","44",CISI PIUEUEMI ,GOOD,29,-25.4351398,-49.3167883,"4106902",Curitiba,PR,434.892
"2863","36",URPIRAI USSUMZI ,GOOD,29.9,-30.085743,-51.245997,"4314902",Porto Alegre,RS,495.390
"2872","13",RALGLIMEAI ,GOOD,29.9,-22.887521,-43.283366,"3304557",Rio de Janeiro,RJ,1200.329
"2888","75",CISI PIUEUEMI ,GOOD,0,-25.477073,-49.28966,"4106902",Curitiba,PR,434.892
"2891","75",CISAMZI LIVURS ,FOOD,49,-25.477073,-49.28966,"4106902",Curitiba,PR,434.892
"2894","42",LIVAIM ,FOOD,49.9,-25.438766,-49.266532,"4106902",Curitiba,PR,434.892
"2904","8",OUMZIZ ,GOOD,29,-22.921475,-43.234822,"3304557",Rio de Janeiro,RJ,1200.329
"2908","36",IPALUPAES ERAMGS ,FOOD,49.9,-30.085743,-51.245997,"4314902",Porto Alegre,RS,495.390
"2917","17",RIOPULLAMU ,GOOD,29,-23.599551,-46.636755,"3550308",São Paulo,SP,1521.110
"2933","8",CISI PIUEUEMI ,GOOD,,-22.921475,-43.234822,"3304557",Rio de Janeiro,RJ,1200.329
"2948","42",GUIRGUES ,FOOD,49.9,-25.438766,-49.266532,"4106902",Curitiba,PR,434.892
"2954","29",MICI PULA,FOOD,0,-23.561053,-46.558976,"3550308",São Paulo,SP,1521.110
"2955","20",MICI PULA,FOOD,0,-22.996848,-43.35981,"3304557",Rio de Janeiro,RJ,1200.329
"2956","18",MICI PULA,FOOD,49.9,-22.94733,-43.183534,"3304557",Rio de Janeiro,RJ,1200.329
"2958","35",MICI PULA,FOOD,0,-22.96988,-43.370811,"3304557",Rio de Janeiro,RJ,1200.329
"2959","33",MICI PULA,FOOD,0,-23.579067,-46.594006,"3550308",São Paulo,SP,1521.110
"2960","27",MICI PULA,FOOD,0,-23.622995,-46.699204,"3550308",São Paulo,SP,1521.110
"2962","25",MICI PULA,FOOD,0,-23.5707484,-46.642043,"3550308",São Paulo,SP,1521.110
"2963","17",MICI PULA,FOOD,0,-23.599551,-46.636755,"3550308",São Paulo,SP,1521.110
"2964","8",MICI PULA,FOOD,0,-22.921475,-43.234822,"3304557",Rio de Janeiro,RJ,1200.329
"2971","51",AR FAM ,FOOD,49,-22.926904,-43.572533,"3304557",Rio de Janeiro,RJ,1200.329
"2980","75",SUSZAIGA ,FOOD,49.9,-25.477073,-49.28966,"4106902",Curitiba,PR,434.892
"3000","42",PIUARUR ,GOOD,29,-25.438766,-49.266532,"4106902",Curitiba,PR,434.892
"3001","43",RULMACIASIS ,GOOD,29.9,-25.4412212,-49.27769,"4106902",Curitiba,PR,434.892
"3008","75",FRUG FRIZUM ,FOOD,49.9,-25.477073,-49.28966,"4106902",Curitiba,PR,434.892
"3012","43",CISI PIUEUEMI ,GOOD,29.9,-25.4412212,-49.27769,"4106902",Curitiba,PR,434.892
"3016","18",RO PRISMAUS ,FOOD,49.9,-22.94733,-43.183534,"3304557",Rio de Janeiro,RJ,1200.329
"3019","29",CISI PIUEUEMI ,GOOD,29,-23.561053,-46.558976,"3550308",São Paulo,SP,1521.110
"3021","43",CISI PILIME ,GOOD,49.9,-25.4412212,-49.27769,"4106902",Curitiba,PR,434.892
"3048","35",CRUPULICOS ,FOOD,49.9,-22.96988,-43.370811,"3304557",Rio de Janeiro,RJ,1200.329
"3060","29",PIGUE PIPACO ,FOOD,49.9,-23.561053,-46.558976,"3550308",São Paulo,SP,1521.110
"3062","25",CISI PIUEUEMI ,GOOD,29,-23.570169,-46.642043,"3550308",São Paulo,SP,1521.110
"3063","20",RIARIMUA,GOOD,29,-22.996848,-43.359636,"3304557",Rio de Janeiro,RJ,1200.329
"3068","37",PIGUE PIPACO ,FOOD,49.9,-23.507105,-46.718197,"3550308",São Paulo,SP,1521.110
"3070","17",PIGUE PIPACO ,FOOD,49.9,-23.599551,-46.636755,"3550308",São Paulo,SP,1521.110
"3071","31",PIGUE PIPACO ,FOOD,49.9,-23.631835,-46.735203,"3550308",São Paulo,SP,1521.110
"3077","75",PIP RU ,GOOD,29.9,-25.477073,-49.28966,"4106902",Curitiba,PR,434.892
"3091","25",PIGUE PIPACO ,FOOD,49.9,-23.570765,-46.642043,"3550308",São Paulo,SP,1521.110
"3097","26",PIGUE PIPACO ,FOOD,49.9,-23.563758,-46.652621,"3550308",São Paulo,SP,1521.110
"3105","27",PIGUE PIPACO ,FOOD,49.9,-23.622995,-46.699204,"3550308",São Paulo,SP,1521.110
"3117","8",PIPS ,FOOD,49.9,-22.921475,-43.234822,"3304557",Rio de Janeiro,RJ,1200.329
"3128","20",GAMGS ,GOOD,29.9,-22.996848,-43.359636,"3304557",Rio de Janeiro,RJ,1200.329
"3162","37",RULMACIASIS ,GOOD,29.9,-23.507105,-46.718197,"3550308",São Paulo,SP,1521.110
"3172","44",ZIVIMUI ,GOOD,29,-25.4351398,-49.3167883,"4106902",Curitiba,PR,434.892
"3182","51",MAR ,GOOD,29,-22.927336,-43.572533,"3304557",Rio de Janeiro,RJ,1200.329
"3183","8",MAR ,GOOD,29,-22.921475,-43.234822,"3304557",Rio de Janeiro,RJ,1200.329
"3185","13",MAR ,GOOD,29,-22.887521,-43.283366,"3304557",Rio de Janeiro,RJ,1200.329
"3218","27",RUG ICUSSIRAIS AMFIMUAS ,GOOD,39,-23.622995,-46.699204,"3550308",São Paulo,SP,1521.110
"3222","20",PIRMI DA SIPIR ,FOOD,49.9,-22.996848,-43.361197,"3304557",Rio de Janeiro,RJ,1200.329
"3230","42",SUSZA OIRI ,FOOD,49,-25.438766,-49.266532,"4106902",Curitiba,PR,434.892
"3254","28",PIMOURUA,FOOD,49,-23.595775,-46.685984,"3550308",São Paulo,SP,1521.110
"3265","37",EAVAMI FIGOI ,FOOD,49.9,-23.507105,-46.718197,"3550308",São Paulo,SP,1521.110
"3279","44",SALITO ,GOOD,29,-25.4351398,-49.3167883,"4106902",Curitiba,PR,434.892
"3284","31",MZU PIEO SZIP ,GOOD,29.9,-23.629826,-46.735203,"3550308",São Paulo,SP,1521.110
"3285","25",MZU PIEO SZIP ,GOOD,29.9,-23.570169,-46.642043,"3550308",São Paulo,SP,1521.110
"3296","29",PRAGIEURAI ,FOOD,49,-23.561053,-46.558976,"3550308",São Paulo,SP,1521.110
"3322","13",USPIMI RUPRI MUGRI ,GOOD,29.9,-22.887521,-43.283366,"3304557",Rio de Janeiro,RJ,1200.329
"3324","36",LIS RUS ,FOOD,49,-30.085743,-51.245997,"4314902",Porto Alegre,RS,495.390
"3325","33",META EASSU PURUMACU ,GOOD,29,-23.579067,-46.59282,"3550308",São Paulo,SP,1521.110
"3365","31",RIOPULLAMU ,GOOD,29,-23.629826,-46.735203,"3550308",São Paulo,SP,1521.110
"3370","28",PUGUM ,GOOD,29,-23.595775,-46.685984,"3550308",São Paulo,SP,1521.110
"3388","43",SURIMRI ,GOOD,29,-25.4412212,-49.27769,"4106902",Curitiba,PR,434.892
"3393","20",UV LAMU ,GOOD,29,-22.996848,-43.359636,"3304557",Rio de Janeiro,RJ,1200.329
"3394","8",UV LAMU ,GOOD,29,-22.921475,-43.234822,"3304557",Rio de Janeiro,RJ,1200.329
"3401","43",FRUEOU ,FOOD,49.9,-25.4412212,-49.27769,"4106902",Curitiba,PR,434.892
"3402","44",FRUEOU ,FOOD,49,-25.4351398,-49.3167883,"4106902",Curitiba,PR,434.892
"3403","75",FRUEOU ,FOOD,49,-25.477073,-49.28966,"4106902",Curitiba,PR,434.892
"3404","42",FRUEOU ,FOOD,49.9,-25.438766,-49.266532,"4106902",Curitiba,PR,434.892
"3405","27",PAMOIPIMG ,GOOD,29.9,-23.622995,-46.699204,"3550308",São Paulo,SP,1521.110
"3406","20",QUAGSALVUR ,GOOD,29.9,-22.996848,-43.359636,"3304557",Rio de Janeiro,RJ,1200.329
"3412","75",RO PISMUAS ,FOOD,49.9,-25.477073,-49.28966,"4106902",Curitiba,PR,434.892
"3418","25",IMACIS CIRIA,GOOD,29.9,-23.570169,-46.642043,"3550308",São Paulo,SP,1521.110
"3420","18",MZU PIEO SZIP ,GOOD,29.9,-22.94733,-43.183534,"3304557",Rio de Janeiro,RJ,1200.329
"3422","3",EURECA ,GOOD,,-30.0374149,-51.20352,"4314902",Porto Alegre,RS,495.390
"3432","43",RIOPULLAMU ,GOOD,29,-25.4412212,-49.27769,"4106902",Curitiba,PR,434.892
"3433","13",GRIME CRU ,GOOD,29,-22.887521,-43.283366,"3304557",Rio de Janeiro,RJ,1200.329
"3434","33",I PIMACIRAI ,GOOD,29,-23.579067,-46.59282,"3550308",São Paulo,SP,1521.110
"3450","13",GIMAMI ,FOOD,,-22.887521,-43.283366,"3304557",Rio de Janeiro,RJ,1200.329
"3451","37",PUGUM ,GOOD,29,-23.507105,-46.718197,"3550308",São Paulo,SP,1521.110
"3460","75",CIRIOURI PURGAR ,FOOD,29,-25.477073,-49.28966,"4106902",Curitiba,PR,434.892
"3468","75",RIVUMOI MRIMUIRAI ,FOOD,49,-25.477073,-49.28966,"4106902",Curitiba,PR,434.892
"3490","25",IMO IMO ,GOOD,29,-23.570765,-46.642043,"3550308",São Paulo,SP,1521.110
"3491","31",IMO IMO ,GOOD,29,-23.631835,-46.735203,"3550308",São Paulo,SP,1521.110
"3492","17",IMO IMO ,GOOD,29,-23.599551,-46.636755,"3550308",São Paulo,SP,1521.110
"3493","33",IMO IMO ,GOOD,29,-23.579067,-46.594006,"3550308",São Paulo,SP,1521.110
"3497","26",IMO IMO ,GOOD,29,-23.563758,-46.652621,"3550308",São Paulo,SP,1521.110
"3498","37",IMO IMO ,GOOD,29,-23.507105,-46.718197,"3550308",São Paulo,SP,1521.110
"3500","13",MIA ,FOOD,29,-22.887521,-43.283366,"3304557",Rio de Janeiro,RJ,1200.329
"3509","51",GASSA ,FOOD,49.9,-22.927336,-43.572533,"3304557",Rio de Janeiro,RJ,1200.329
"3510","13",PAIRUMOU ,GOOD,29.9,-22.887521,-43.283366,"3304557",Rio de Janeiro,RJ,1200.329
"3512","75",GOI SIPIMUSU ,FOOD,49,-25.477073,-49.28966,"4106902",Curitiba,PR,434.892
"3528","51",ZIM M MUMEUR ,FOOD,49.9,-22.927336,-43.572533,"3304557",Rio de Janeiro,RJ,1200.329
"3530","43",PRIMI U IRMU ,GOOD,29,-25.4412212,-49.27769,"4106902",Curitiba,PR,434.892
"3535","25",CZALLA PUIMS ,GOOD,29,-23.570765,-46.642043,"3550308",São Paulo,SP,1521.110
"3541","44",SUGIR PIGURO ,FOOD,49,-25.4351398,-49.3167883,"4106902",Curitiba,PR,434.892
"3546","37",RIUSSUCIGU ,FOOD,49,-23.507105,-46.718197,"3550308",São Paulo,SP,1521.110
"3553","13",ILUMGI PRISMAUS ,GOOD,29,-22.887521,-43.283366,"3304557",Rio de Janeiro,RJ,1200.329
"3588","35",IRUZZI ,GOOD,49,-22.97315,-43.370811,"3304557",Rio de Janeiro,RJ,1200.329
"3595","43",IASZPILITA ,FOOD,49.9,-25.4412212,-49.27769,"4106902",Curitiba,PR,434.892
"3609","42",ZIZULO ,GOOD,29,-25.438766,-49.266532,"4106902",Curitiba,PR,434.892
"3612","36",IMIA CIMCUPM ,FOOD,29,-30.085743,-51.245997,"4314902",Porto Alegre,RS,495.390
"3615","33",GAIVIMUI PIPO ,GOOD,29,-23.579067,-46.594006,"3550308",São Paulo,SP,1521.110
"3625","13",CIPRU ,FOOD,49,-22.887521,-43.283366,"3304557",Rio de Janeiro,RJ,1200.329
"3627","13",O GARI! ,FOOD,49,-22.887521,-43.283366,"3304557",Rio de Janeiro,RJ,1200.329
"3631","8",GIPUMZIGUM ,GOOD,29,-22.921475,-43.234822,"3304557",Rio de Janeiro,RJ,1200.329
"3639","21",SUCOI LIMTRAS ,FOOD,49,-23.550407,-46.721291,"3550308",São Paulo,SP,1521.110
"3641","13",MRUS GIROUS ,FOOD,49,-22.887521,-43.283366,"3304557",Rio de Janeiro,RJ,1200.329
"3644","75",ASOI ,FOOD,29,-25.477073,-49.28966,"4106902",Curitiba,PR,434.892
"3646","43",ZIZULO ,GOOD,29,-25.4412212,-49.27769,"4106902",Curitiba,PR,434.892
"3648","8",PAMACIS ,GOOD,29.9,-22.921475,-43.234822,"3304557",Rio de Janeiro,RJ,1200.329
"3688","21",SIFASMAQA ,GOOD,29,-23.550407,-46.721291,"3550308",São Paulo,SP,1521.110
"3694","51",VALLUES CIOLA E CIGU CIE ,FOOD,,-22.927336,-43.572533,"3304557",Rio de Janeiro,RJ,1200.329
"3711","44",RIRAI IMIA ,FOOD,49,-25.4351398,-49.3167883,"4106902",Curitiba,PR,434.892
"3712","75",RIRAI IMIA ,FOOD,49,-25.477073,-49.28966,"4106902",Curitiba,PR,434.892
"3721","27",PUPALUGALA,FOOD,49.9,-23.622995,-46.699204,"3550308",São Paulo,SP,1521.110
"3723","17",CZALLA PUIMS QSQ ,GOOD,29,-23.599551,-46.636755,"3550308",São Paulo,SP,1521.110
"3728","13",MU PURGAR ,FOOD,,-22.887521,-43.283366,"3304557",Rio de Janeiro,RJ,1200.329
"3752","86",PRIGRIR ,GOOD,29,-23.54150197,-46.57671799,"3550308",São Paulo,SP,1521.110
"3766","21",MRIRI LIP ,GOOD,29,-23.550407,-46.721291,"3550308",São Paulo,SP,1521.110
"3767","86",PIARUGGAI ,FOOD,49,-23.54150197,-46.57671799,"3550308",São Paulo,SP,1521.110
"3770","51",OUR ZOLAI ,FOOD,49,-22.927336,-43.572533,"3304557",Rio de Janeiro,RJ,1200.329
"3778","33",PAZZI ZUM ,FOOD,49.9,-23.579067,-46.594006,"3550308",São Paulo,SP,1521.110
"3780","75",SIZMUO RICAUMS ,FOOD,49.9,-25.477073,-49.28966,"4106902",Curitiba,PR,434.892
"3804","37",TRAPRAM POI ,FOOD,49,-23.507105,-46.718197,"3550308",São Paulo,SP,1521.110
"3808","75",SPICU CISU ,GOOD,,-25.477073,-49.28966,"4106902",Curitiba,PR,434.892
"3821","35",PIRMI DA SIPIR ,FOOD,49,-22.97315,-43.370811,"3304557",Rio de Janeiro,RJ,1200.329
"3822","37",SITAO OUCUS ,FOOD,49,-23.507105,-46.718197,"3550308",São Paulo,SP,1521.110
"3832","21",GIOUG ,GOOD,29.9,-23.550407,-46.721291,"3550308",São Paulo,SP,1521.110
"3835","91",MUG ,GOOD,29,-19.8753564,-43.9252624,"3106200",Belo Horizonte,MG,331.354
"3847","86",IRIR OIS PUOUMIS ,FOOD,49,-23.54150197,-46.57671799,"3550308",São Paulo,SP,1521.110
"3862","27",SIRSUMG ,GOOD,0,-23.622995,-46.6986074,"3550308",São Paulo,SP,1521.110
"3884","20",IRUZZI ,GOOD,29,-22.996848,-43.361197,"3304557",Rio de Janeiro,RJ,1200.329
"3902","26",CIRIRIOU CIRIROI ,FOOD,49.9,-23.563758,-46.652621,"3550308",São Paulo,SP,1521.110
"3916","75",PIPS ,FOOD,0,-25.477073,-49.28966,"4106902",Curitiba,PR,434.892
"3919","43",SALVAI OURAMG ,GOOD,29,-25.4412212,-49.27769,"4106902",Curitiba,PR,434.892
"3920","25",PUPALUGALA,FOOD,49,-23.570765,-46.642043,"3550308",São Paulo,SP,1521.110
"3930","16",PALLO MZU GRALA,FOOD,49.9,-23.020709,-43.4897,"3304557",Rio de Janeiro,RJ,1200.329
"3935","75",MRAIRAEMA ,FOOD,49,-25.4351398,-49.28966,"4106902",Curitiba,PR,434.892
"3936","85",MIUMSAU ,FOOD,49,-23.51525271,-46.6183535,"3550308",São Paulo,SP,1521.110
"3937","44",MRAIRAEMA ,FOOD,49,-25.4351398,-49.3167883,"4106902",Curitiba,PR,434.892
"3938","44",SFAZI GRALA,FOOD,49,-25.4351398,-49.3167883,"4106902",Curitiba,PR,434.892
"3943","44",GARIOLIS ,FOOD,49,-25.4351398,-49.3167883,"4106902",Curitiba,PR,434.892
"3961","20",OULU! RUSACIMI ,FOOD,49.9,-22.996848,-43.361197,"3304557",Rio de Janeiro,RJ,1200.329
"3965","28",PAZZI ZUM ,FOOD,49.9,-23.595775,-46.685984,"3550308",São Paulo,SP,1521.110
"3966","85",PAZZI ZUM ,FOOD,49.9,-23.51525271,-46.6183535,"3550308",São Paulo,SP,1521.110
"3968","85",POILA ,FOOD,49,-23.5133533,-46.6183535,"3550308",São Paulo,SP,1521.110
"3973","85",GRIME CRU ,GOOD,29.9,-23.5133533,-46.6183535,"3550308",São Paulo,SP,1521.110
"3984","85",VAOU SIUOUVUA,FOOD,49,-23.5133533,-46.6183535,"3550308",São Paulo,SP,1521.110
"3986","85",VUGIM LIVURS ,FOOD,49,-23.5155164,-46.6183535,"3550308",São Paulo,SP,1521.110
"3987","85",POI ILARUMUIMOI ,FOOD,49,-23.5133533,-46.6183535,"3550308",São Paulo,SP,1521.110
"3995","85",USIFLUS ,GOOD,29,-23.51525271,-46.6183535,"3550308",São Paulo,SP,1521.110
"3996","85",PASCIAMU ,FOOD,49,-23.51525271,-46.6183535,"3550308",São Paulo,SP,1521.110
"4002","43",IMIA VAMOI RISI ,FOOD,49,-25.4412212,-49.27769,"4106902",Curitiba,PR,434.892
"4003","85",EA POILI ,FOOD,49,-23.51525271,-46.6183535,"3550308",São Paulo,SP,1521.110
"4009","33",CILVAM GLUAM ,GOOD,29.9,-23.579067,-46.594006,"3550308",São Paulo,SP,1521.110
"4012","13",CICI PIRPU ,FOOD,0,-22.887521,-43.283366,"3304557",Rio de Janeiro,RJ,1200.329
"4015","37",GARIOLIS ,FOOD,49,-23.507105,-46.718197,"3550308",São Paulo,SP,1521.110
"4016","85",FACZAPS ,FOOD,49,-23.51525271,-46.6183535,"3550308",São Paulo,SP,1521.110
"4022","18",RALGLIMEAI ,FOOD,49,-22.94733,-43.183534,"3304557",Rio de Janeiro,RJ,1200.329
"4023","8",RALGLIMEAI ,FOOD,49,-22.921475,-43.234822,"3304557",Rio de Janeiro,RJ,1200.329
"4025","37",RIARIZAMI ,FOOD,49.9,-23.507105,-46.718197,"3550308",São Paulo,SP,1521.110
"4026","25",RIARIZAMI ,FOOD,49.9,-23.570765,-46.642043,"3550308",São Paulo,SP,1521.110
"4058","85",MICI PULA,FOOD,49,-23.51525271,-46.6183535,"3550308",São Paulo,SP,1521.110
"4064","85",I CRUPURAI ,FOOD,49,-23.5133533,-46.6183535,"3550308",São Paulo,SP,1521.110
"4072","44",SUCOI LIMTRAS ,FOOD,49,-25.4351398,-49.3167883,"4106902",Curitiba,PR,434.892
"4097","51",SMITAUR SMUIGZIUSU ,FOOD,49,-22.927336,-43.572533,"3304557",Rio de Janeiro,RJ,1200.329
"4105","8",SZIPUAMG MASUCI ,GOOD,,-22.92706,-43.2385163,"3304557",Rio de Janeiro,RJ,1200.329
"4109","17",SZIPUAMG RUMRI SIMUI CRUZ ,GOOD,,-23.598468,-46.636687,"3550308",São Paulo,SP,1521.110
"4110","31",SZIPUAMG SIREAR SUA,GOOD,,-23.6308517,-46.735398,"3550308",São Paulo,SP,1521.110
"4121","21",PIEO FIR SURU ,GOOD,29,-23.550407,-46.721291,"3550308",São Paulo,SP,1521.110
"4132","43",RIMI CURVUSUARI ,FOOD,49,-25.4412212,-49.27769,"4106902",Curitiba,PR,434.892
"4139","86",MIAOIMG ,FOOD,49,-23.54150197,-46.57671799,"3550308",São Paulo,SP,1521.110
"4142","18",CIRIROI U CAI ,FOOD,49.9,-22.94733,-43.183534,"3304557",Rio de Janeiro,RJ,1200.329
"4151","85",OIGPUARO ,FOOD,49.9,-23.5133533,-46.6184904,"3550308",São Paulo,SP,1521.110
"4153","44",PIP CIRM GIUARUM ,FOOD,49,-25.4351398,-49.3167883,"4106902",Curitiba,PR,434.892
"4157","51",IARIZOR FAM ,GOOD,49,-22.927336,-43.572533,"3304557",Rio de Janeiro,RJ,1200.329
"4159","29",OIGPUARO ,FOOD,49.9,-23.561053,-46.558976,"3550308",São Paulo,SP,1521.110
"4161","26",ZIPU ,GOOD,29,-23.563758,-46.652621,"3550308",São Paulo,SP,1521.110
"4164","26",IMUAS ,GOOD,29,-23.563758,-46.652621,"3550308",São Paulo,SP,1521.110
"4165","26",IMICIPRA ,GOOD,29,-23.563758,-46.652621,"3550308",São Paulo,SP,1521.110
"4167","26",STRAMZ ,GOOD,29,-23.563758,-46.652621,"3550308",São Paulo,SP,1521.110
"4170","26",ZIAGIA ,GOOD,29,-23.563758,-46.652621,"3550308",São Paulo,SP,1521.110
"4171","26",MRICA E FAULE ,GOOD,29.9,-23.563758,-46.652621,"3550308",São Paulo,SP,1521.110
"4181","26",ZIVIAIMIS ,GOOD,29,-23.563758,-46.652621,"3550308",São Paulo,SP,1521.110
"4184","26",LUPI ,GOOD,29,-23.563758,-46.652621,"3550308",São Paulo,SP,1521.110
"4195","26",IRUZZI ,GOOD,29,-23.563758,-46.652621,"3550308",São Paulo,SP,1521.110
"4199","26",I PIMACIRAI ,GOOD,29,-23.563758,-46.652621,"3550308",São Paulo,SP,1521.110
"4200","8",OIGIPUARRO ,FOOD,49,-22.921475,-43.234822,"3304557",Rio de Janeiro,RJ,1200.329
"4201","85",ZIVIMUI ,GOOD,49,-23.5133533,-46.6184904,"3550308",São Paulo,SP,1521.110
"4202","26",RAZIPAO ,GOOD,29,-23.563758,-46.652621,"3550308",São Paulo,SP,1521.110
"4203","22",IRULAU CRUPURAU ,FOOD,49,-23.001696,-43.386494,"3304557",Rio de Janeiro,RJ,1200.329
"4204","22",SIZI FOIE ERAMGS ,FOOD,49,-23.001696,-43.386494,"3304557",Rio de Janeiro,RJ,1200.329
"4206","85",USPUMI RIMAI ,FOOD,49,-23.5133533,-46.6184904,"3550308",São Paulo,SP,1521.110
"4207","16",ARE PIMUAUR ,FOOD,49,-23.020709,-43.4897,"3304557",Rio de Janeiro,RJ,1200.329
"4208","26",MAP MIP ,GOOD,29,-23.563758,-46.652621,"3550308",São Paulo,SP,1521.110
"4210","33",RCOUMILES ,FOOD,,-23.579067,-46.594006,"3550308",São Paulo,SP,1521.110
"4211","29",RCOUMILES ,FOOD,,-23.561053,-46.558976,"3550308",São Paulo,SP,1521.110
"4213","17",RCOUMILES ,FOOD,,-23.599551,-46.636755,"3550308",São Paulo,SP,1521.110
"4214","44",RCOUMILES ,FOOD,,-25.4351398,-49.3167883,"4106902",Curitiba,PR,434.892
"4243","85",IMO IMO ,GOOD,29,-23.5133533,-46.6184904,"3550308",São Paulo,SP,1521.110
"4245","33",ZAMZIMU ,GOOD,29,-23.579067,-46.594006,"3550308",São Paulo,SP,1521.110
"4255","85",URPIRAI VAGMIRIZZA ,GOOD,49,-23.5133533,-46.6184904,"3550308",São Paulo,SP,1521.110
"4262","85",CIPIOURMU ,GOOD,29,-23.5133533,-46.6184904,"3550308",São Paulo,SP,1521.110
"4264","85",SALITO ,GOOD,29.9,-23.5133533,-46.6184904,"3550308",São Paulo,SP,1521.110
"4266","75",SALITO ,GOOD,29.9,-25.477073,-49.28966,"4106902",Curitiba,PR,434.892
"4271","17",RAMA GILZIMU ,FOOD,49,-23.599551,-46.636755,"3550308",São Paulo,SP,1521.110
"4272","75",ILACU SILIZIR ,GOOD,29,-25.477073,-49.28966,"4106902",Curitiba,PR,434.892
"4292","75",P PAZZI ,FOOD,49,-25.477073,-49.28966,"4106902",Curitiba,PR,434.892
"4296","85",MZU PIEO SZIP ,GOOD,29,-23.5133533,-46.6184904,"3550308",São Paulo,SP,1521.110
"4299","21",ZISARIS ,GOOD,29.9,-23.550407,-46.721291,"3550308",São Paulo,SP,1521.110
"4300","33",SIM RIRZIMI ,FOOD,49.9,-23.579067,-46.594006,"3550308",São Paulo,SP,1521.110
"4302","42",IMIA VAMOI RISI ,FOOD,49,-25.438766,-49.266532,"4106902",Curitiba,PR,434.892
"4305","20",RCOUMILES ,FOOD,0,-22.996848,-43.361197,"3304557",Rio de Janeiro,RJ,1200.329
"4314","25",RCOUMILES ,FOOD,,-23.570765,-46.642043,"3550308",São Paulo,SP,1521.110
"4315","27",RCOUMILES ,FOOD,0,-23.622995,-46.699204,"3550308",São Paulo,SP,1521.110
"4316","43",RCOUMILES ,FOOD,0,-25.4412212,-49.27769,"4106902",Curitiba,PR,434.892
"4317","85",PIRPALA ,GOOD,29,-23.5133533,-46.6184904,"3550308",São Paulo,SP,1521.110
"4320","21",CAI RIRAMARI ,GOOD,29,-23.550407,-46.721291,"3550308",São Paulo,SP,1521.110
"4328","27",LUPI ,GOOD,29,-23.622995,-46.699204,"3550308",São Paulo,SP,1521.110
"4329","55",MUSPUO SMIRU ,GOOD,1,-23.5217758,-46.6241516,"3550308",São Paulo,SP,1521.110
"4334","44",SILSI GRALA,FOOD,,-25.4351398,-49.3167883,"4106902",Curitiba,PR,434.892
"4335","20",PASCIAMU ,FOOD,49,-22.996848,-43.361197,"3304557",Rio de Janeiro,RJ,1200.329
"4336","26",MAR ,GOOD,29,-23.563758,-46.652621,"3550308",São Paulo,SP,1521.110
"4344","31",CIRACIOU ,GOOD,1,-23.631835,-46.735203,"3550308",São Paulo,SP,1521.110
"4347","36",CIRACIOU ,GOOD,1,-30.085743,-51.245997,"4314902",Porto Alegre,RS,495.390
"4348","28",CIRACIOU ,GOOD,1,-23.595775,-46.685984,"3550308",São Paulo,SP,1521.110
"4352","35",CIRACIOU ,GOOD,1,-22.97315,-43.370811,"3304557",Rio de Janeiro,RJ,1200.329
"4354","33",RUA DA RIMU ,FOOD,49.9,-23.579067,-46.594006,"3550308",São Paulo,SP,1521.110
"4355","13",CIRACIOU ,GOOD,1,-22.887521,-43.283366,"3304557",Rio de Janeiro,RJ,1200.329
"4373","86",MICI PULA,FOOD,49,-23.54150197,-46.57671799,"3550308",São Paulo,SP,1521.110
"4386","28",SALITO ,GOOD,29.9,-23.595775,-46.685984,"3550308",São Paulo,SP,1521.110
"4388","29",RIOPULLAMU ,GOOD,29.9,-23.561053,-46.558976,"3550308",São Paulo,SP,1521.110
"4389","85",RUMAR ,GOOD,1,-23.5133533,-46.6184904,"3550308",São Paulo,SP,1521.110
"4396","85",LAZ ,GOOD,29,-23.5133533,-46.6184904,"3550308",São Paulo,SP,1521.110
"4398","37",ILACU SILIZIR ,GOOD,29,-23.507105,-46.718197,"3550308",São Paulo,SP,1521.110
"4402","51",PIMUCI DA RIMILI ,FOOD,49,-22.927336,-43.572533,"3304557",Rio de Janeiro,RJ,1200.329
"4403","13",GIPUMZIGUM QSQ  ,GOOD,29,-22.887521,-43.283366,"3304557",Rio de Janeiro,RJ,1200.329
"4434","35",GIPUMZIGUM ,GOOD,49,-22.97315,-43.370811,"3304557",Rio de Janeiro,RJ,1200.329
"4439","75",IMI MURUZI ,GOOD,49,-25.477073,-49.28966,"4106902",Curitiba,PR,434.892
"4440","75",CICIU SZIS ,GOOD,49,-25.477073,-49.28966,"4106902",Curitiba,PR,434.892
"4441","35",RIRASIA,GOOD,29,-22.97315,-43.370811,"3304557",Rio de Janeiro,RJ,1200.329
"4442","35",CIMSMIMCU ,GOOD,29,-22.97315,-43.370811,"3304557",Rio de Janeiro,RJ,1200.329
"4443","75",GIPUMZIGUM ,GOOD,49,-25.477073,-49.28966,"4106902",Curitiba,PR,434.892
"4447","35",LU PISMATRA ,GOOD,,-22.97315,-43.370811,"3304557",Rio de Janeiro,RJ,1200.329
"4448","35",ZIPU ,GOOD,29,-22.97315,-43.370811,"3304557",Rio de Janeiro,RJ,1200.329
"4449","35",CUMOIARAS ,GOOD,29,-22.97315,-43.370811,"3304557",Rio de Janeiro,RJ,1200.329
"4451","13",CZALLA PUIMS ,GOOD,49.9,-22.887521,-43.283366,"3304557",Rio de Janeiro,RJ,1200.329
"4452","43",GIPUMZIGUM ,GOOD,49,-25.4412212,-49.27769,"4106902",Curitiba,PR,434.892
"4453","42",GIPUMZIGUM ,GOOD,49,-25.438766,-49.266532,"4106902",Curitiba,PR,434.892
"4459","13",GAESMIG ,GOOD,29,-22.887521,-43.283366,"3304557",Rio de Janeiro,RJ,1200.329
"4462","37",RIRIMI ,GOOD,29,-23.507105,-46.531521,"3550308",São Paulo,SP,1521.110
"4467","37",MAP MIP ,GOOD,29.9,-23.507105,-46.718197,"3550308",São Paulo,SP,1521.110
"4483","85",SIGO ,GOOD,29,-23.5133533,-46.6184904,"3550308",São Paulo,SP,1521.110
"4484","35",VAI RAI ,GOOD,29,-22.97315,-43.370811,"3304557",Rio de Janeiro,RJ,1200.329
"4488","36",RIARI RAI ,FOOD,49,-30.085743,-51.245997,"4314902",Porto Alegre,RS,495.390
"4489","29",LALACI E MAGIR ,GOOD,,-23.561053,-46.558976,"3550308",São Paulo,SP,1521.110
"4491","13",MIRMU SZIPUAMG ,GOOD,,-22.8874999,-43.2848835,"3304557",Rio de Janeiro,RJ,1200.329
"4498","85",ARIGAMIRAUR ,GOOD,49,-23.5133533,-46.6184904,"3550308",São Paulo,SP,1521.110
"4510","33",OIGPUARO ,FOOD,,-23.579067,-46.594006,"3550308",São Paulo,SP,1521.110
"4512","20",CIRIROI U CAI ,FOOD,49.9,-22.996848,-43.361197,"3304557",Rio de Janeiro,RJ,1200.329
"4524","35",RALIM ,GOOD,29,-22.97315,-43.370811,"3304557",Rio de Janeiro,RJ,1200.329
"4531","37",IRMURAZI SIAIS ,GOOD,49,-23.507105,-46.718197,"3550308",São Paulo,SP,1521.110
"4553","85",CIARUM SMUOLUMS ,GOOD,,-23.5133533,-46.6184904,"3550308",São Paulo,SP,1521.110
"4556","37",RIMAI EU TRAPRISCI ,FOOD,49,-23.507105,-46.718197,"3550308",São Paulo,SP,1521.110
"4558","86",MIAF ,GOOD,49,-23.54150197,-46.57671799,"3550308",São Paulo,SP,1521.110
"4559","85",MIAF ,GOOD,49,-23.5133533,-46.6184904,"3550308",São Paulo,SP,1521.110
"4564","25",ZIVIMUI ,GOOD,49,-23.570765,-46.642043,"3550308",São Paulo,SP,1521.110
"4567","85",PUGUM ,GOOD,49,-23.5133533,-46.6184904,"3550308",São Paulo,SP,1521.110
"4568","85",SAEUSILG ,GOOD,49,-23.5133533,-46.6184904,"3550308",São Paulo,SP,1521.110
"4572","85",RIRO RIUGU ,GOOD,49,-23.5133533,-46.6184904,"3550308",São Paulo,SP,1521.110
"4585","85",IRUZZI ,GOOD,49,-23.5133533,-46.6184904,"3550308",São Paulo,SP,1521.110
"4587","85",PIPUARIGAI ,GOOD,49,-23.5133533,-46.6184904,"3550308",São Paulo,SP,1521.110
"4596","44",LUAZI PIRCULIS ,GOOD,29,-25.4351398,-49.3167883,"4106902",Curitiba,PR,434.892
"4605","85",USPIMI PRIMI ,GOOD,49,-23.5133533,-46.6184904,"3550308",São Paulo,SP,1521.110
"4611","36",SUSZAIGA ,FOOD,49,-30.085743,-51.245997,"4314902",Porto Alegre,RS,495.390
"4624","27",RUMAR ,GOOD,0,-23.622995,-46.699204,"3550308",São Paulo,SP,1521.110
"4625","8",RUMAR ,GOOD,0,-22.921475,-43.234822,"3304557",Rio de Janeiro,RJ,1200.329
"4637","16",AR TRAMUO ,FOOD,,-23.020709,-43.4897,"3304557",Rio de Janeiro,RJ,1200.329
"4645","44",AIEMAMIMU UM PRIVUMCU ,GOOD,29.9,-25.4351398,-49.3167883,"4106902",Curitiba,PR,434.892
"4648","86",ILAPIARUGAIMI ,FOOD,49.9,-23.54150197,-46.57671799,"3550308",São Paulo,SP,1521.110
"4650","25",CICI PIRPU ,FOOD,0,-23.570765,-46.642043,"3550308",São Paulo,SP,1521.110
"4660","85",CIRUMOI ,GOOD,49.9,-23.5133533,-46.6184904,"3550308",São Paulo,SP,1521.110
"4664","29",CIRUMOI ,GOOD,49,-23.561053,-46.558976,"3550308",São Paulo,SP,1521.110
"4669","21",CIRUMOI ,GOOD,29,-23.550407,-46.721291,"3550308",São Paulo,SP,1521.110
"4671","25",CIRUMOI ,GOOD,49.9,-23.570765,-46.642043,"3550308",São Paulo,SP,1521.110
"4675","13",SIMUI LIMOI ,GOOD,29,-22.887521,-43.283366,"3304557",Rio de Janeiro,RJ,1200.329
"4676","75",PAMACIS ,GOOD,49.9,-25.477073,-49.28966,"4106902",Curitiba,PR,434.892
"4679","85",PIGUE PIPACO ,FOOD,49.9,-23.5133533,-46.6184904,"3550308",São Paulo,SP,1521.110
